time/total_timesteps,train/value_loss,train/n_updates,train/policy_gradient_loss,train/entropy_loss,train/loss,phase
2048,,,,,,1
4096,92.72120580673216,10.0,-0.013529396028025,-1.090763245522976,24.743511199951172,1
6144,92.71906681060791,20.0,-0.0185152556397952,-1.0599401250481606,33.287532806396484,1
8192,80.31144294738769,30.0,-0.0185298548138234,-0.992734196037054,34.64476776123047,1
10240,60.504574632644655,40.0,-0.0219888984982389,-0.8831685654819011,24.457603454589844,1
12288,37.41243984699249,50.0,-0.0170195262762717,-0.7739136159420014,12.931772232055664,1
14336,31.808689022064208,60.0,-0.0123581072781234,-0.6851879179477691,12.176640510559082,1
16384,12.058002388477323,70.0,-0.0176552741322666,-0.5684864267706871,4.938087463378906,1
18432,14.108694183826447,80.0,-0.0107603422482497,-0.4651278980076313,4.9161272048950195,1
20480,11.262837171554564,90.0,-0.0101729544461704,-0.3596053726971149,5.409587860107422,1
22528,9.122685396671296,100.0,-0.0062864787294529,-0.2755254611372947,3.990084648132324,1
24576,4.636135703325271,110.0,-0.0081626784463878,-0.2409985842183232,1.6089357137680054,1
26624,4.162060809135437,120.0,-0.006292647490045,-0.1906490733847022,1.7885717153549194,1
28672,7.979238116741181,130.0,-0.0047921767109073,-0.1602591037750244,2.981389284133911,1
30720,2.7689089983701707,140.0,-0.0049761569825932,-0.1192290415987372,1.639265775680542,1
32768,5.678633770346641,150.0,-0.0041071930725593,-0.1074835988692939,2.378455638885498,1
34816,2.0045115053653717,160.0,-0.0051424381294054,-0.0800230301916599,0.9716196060180664,1
36864,1.6813314840197564,170.0,-0.003986244770931,-0.0547671334818005,0.844452440738678,1
38912,1.5155996162444354,180.0,-0.0022836025222204,-0.0400146765168756,0.5539926886558533,1
40960,0.3741853495128452,190.0,-0.0010752880305517,-0.0330291949678212,0.0835566446185112,1
43008,0.7196820236742496,200.0,-0.0010960553714539,-0.0263180189300328,0.3927162885665893,1
45056,0.2617948750732466,210.0,-0.0003534235293045,-0.0187880328856408,0.0789825916290283,1
47104,0.1323478130390867,220.0,-0.0003611015097703,-0.0176745539996773,0.0150256138294935,1
49152,0.1053192493040114,230.0,-0.0017689975502435,-0.0124019180424511,0.0146077098324894,1
51200,0.4266969425603747,240.0,-0.0010172598122153,-0.0079088585043791,0.1156841218471527,1
53248,0.224398156220559,250.0,-0.0003285362268798,-0.0063626835879404,0.0097017688676714,1
55296,0.1411082717822864,260.0,-8.253846317529678e-08,-0.0063771492277737,0.1152925565838813,1
57344,0.3395243864040821,270.0,-0.0009194113896228,-0.0051764961681328,0.0868421196937561,1
59392,0.2071794140734709,280.0,-1.0763760656118393e-07,-0.0045573026698548,0.1340308934450149,1
61440,0.0533007432997692,290.0,-0.0010058497777208,-0.0029827478429069,0.0052094245329499,1
63488,0.1363268699729815,300.0,-0.0009767815703526,-0.0017339178477413,0.0530326217412948,1
65536,0.4371401148207951,310.0,-4.431931301951408e-08,-0.0015798553416971,0.0033340929076075,1
67584,0.0112205909492331,320.0,-3.747234586626291e-07,-0.0015238907697494,0.0013333274982869,1
69632,0.0359360058893798,330.0,3.798049874603748e-09,-0.0014783562597585,0.0039149746298789,1
71680,0.1730281378906511,340.0,1.423177309334278e-08,-0.001509221328888,0.0750900134444236,1
73728,0.1412601768650347,350.0,-0.0004030988551676,-0.0011610322078922,0.0030737346969544,1
75776,0.0844692317012231,360.0,-0.0010866663535125,-0.0007120802612917,0.0035209071356803,1
77824,0.0641015249824704,370.0,-6.638583727180959e-08,-0.0006712597802106,0.0017812626902014,1
79872,0.0828462101628247,380.0,7.549533620476722e-09,-0.0006462912708229,0.0014568193582817,1
81920,0.4963238074560649,390.0,-9.324867278337478e-09,-0.0007032695211819,0.4000416100025177,1
83968,0.0391702391367289,400.0,-2.278102329000831e-08,-0.0006853427854366,0.0105453887954354,1
86016,0.1848363361830706,410.0,-9.567884262651203e-09,-0.000680803200521,0.0412014909088611,1
88064,0.1332408927562937,420.0,-7.397611625492573e-08,-0.0006986961714574,0.2963791191577911,1
90112,0.0872717904676392,430.0,-1.7200363799929622e-08,-0.0006971052214794,0.0742952227592468,1
92160,0.3023172865803644,440.0,-0.0002851654280675,-0.000590132488287,0.5739511847496033,1
94208,0.0934956514465739,450.0,1.735752448439598e-08,-0.0006192676526552,0.0032209737692028,1
96256,0.0778761445384589,460.0,-1.953565515577793e-07,-0.0005923845856159,0.001172344200313,1
98304,0.4660393165017013,470.0,-7.078051567077636e-09,-0.0006120833015302,0.0030817920342087,1
100352,0.0487807593337493,480.0,-3.6309938877820966e-08,-0.0005881322118511,0.0001149591989815,1
102400,0.137400359424646,490.0,-0.0006103858002461,-0.00040975388074,0.1073490604758262,1
104448,0.2278864510226412,500.0,-1.0262010619044305e-08,-0.0003974069222749,0.0081712743267416,1
106496,0.2177934045321308,510.0,9.080395102500915e-10,-0.0003595929269067,0.3133029341697693,1
108544,0.2305609441536944,520.0,-4.854518920183182e-09,-0.0003680750654893,0.0949017405509948,1
110592,0.1358427659975859,530.0,-6.577465683221817e-09,-0.00036396375217,0.1381888091564178,1
112640,0.0602810161855813,540.0,4.4004991650581365e-09,-0.0003701666784763,0.1159501075744628,1
114688,0.2433161651970294,550.0,7.101334631443022e-10,-0.0003689918808959,0.0099138766527175,1
116736,0.3019877073646057,560.0,1.3969838619232178e-09,-0.0003757268703338,0.6725452542304993,1
118784,0.0310729723823897,570.0,-2.6990892365574836e-08,-0.0003832318423519,0.0174716655164957,1
120832,0.1447882374413893,580.0,-7.933704182505608e-09,-0.0003738554965821,0.0003803459694609,1
122880,0.0033534970629261,590.0,4.924368113279342e-09,-0.0003737131875823,0.0014792552683502,1
124928,0.0025568225424649,600.0,-7.0664100348949436e-09,-0.0003803721079748,0.0003437199338804,1
126976,0.2604838126411778,610.0,-1.4726538211107252e-09,-0.0003824503852229,0.070123940706253,1
129024,0.0057232889768783,620.0,-9.627547115087511e-09,-0.0003817117842118,0.0028583719395101,1
131072,0.2338713364501018,630.0,7.171183824539185e-09,-0.0003883849683916,0.1362846940755844,1
133120,0.2095561017602449,640.0,-3.859167918562889e-09,-0.00039110920261,0.0985779240727424,1
135168,0.0322328440583078,650.0,-1.702865120023489e-08,-0.0003899796716723,0.0023506637662649,1
137216,0.0305184773505516,660.0,-1.9467552192509177e-08,-0.000390624026113,0.0001003581055556,1
139264,0.1094918247006717,670.0,-3.2511889003217224e-08,-0.0003920673229004,0.0814878940582275,1
141312,0.0050897036634523,680.0,-1.5203841030597686e-08,-0.0003941306153137,0.0019204615382477,1
143360,0.0231352391272594,690.0,-5.23286871612072e-09,-0.0004025132202514,0.0158213153481483,1
145408,0.4399270504683955,700.0,5.320180207490921e-09,-0.0004132276011659,0.3640002608299255,1
147456,0.1100519368721506,710.0,3.710738383233547e-09,-0.0004069097682076,0.1015394404530525,1
149504,0.0054597863320509,720.0,-2.759043127298355e-08,-0.0004109226276341,0.0147950612008571,1
151552,1.1337362268939617,730.0,1.094304025173187e-09,-0.0004155757324042,1.043098211288452,1
153600,0.0454626648208432,740.0,-2.2742897272109987e-07,-0.0004817346823983,0.0926487073302269,1
155648,0.1136741838907255,750.0,3.5739503800868983e-09,-0.0004258609526004,0.0006377473473548,1
157696,0.5090616858651629,760.0,-1.4901161193847655e-09,-0.0004407801923662,0.4401228129863739,1
159744,0.0023531509963504,770.0,5.227047950029373e-09,-0.0004390725895063,0.001441310159862,1
161792,0.0726020783215062,780.0,-4.228786565363407e-08,-0.000449043226763,0.0588150918483734,1
163840,0.1497605533339083,790.0,1.938315108418464e-09,-0.0004544144783722,0.1512477248907089,1
165888,0.0016747144026339,800.0,5.908077582716941e-10,-0.0004538003679044,1.1301497579552232e-05,1
167936,0.0034535917166067,810.0,-0.0010176524083362,-0.0002392638049059,1.158497889264254e-05,1
169984,0.0308038506778757,820.0,-4.569301381707191e-09,-0.0002107729771523,0.000395766692236,1
172032,0.3806453984405379,830.0,1.6298145055770872e-09,-0.0002150880765839,0.1077859848737716,1
174080,0.5696581422685995,840.0,-9.546056389808654e-10,-0.000217605374928,0.368831604719162,1
176128,0.1360879585648945,850.0,-2.240994945168495e-09,-0.0002140950728062,0.1351360380649566,1
178176,0.5892684137990727,860.0,-5.925539880990982e-09,-0.0002188237094742,0.2631082832813263,1
180224,0.0044442949547601,870.0,-2.2520544007420542e-08,-0.0002185892943089,0.0007208830793388,1
182272,0.0877394532661128,880.0,-2.0256265997886656e-09,-0.0002178823131544,0.0003706230490934,1
184320,0.134502032212913,890.0,-0.0004001742461696,-0.0001604272973054,0.0774554908275604,1
186368,0.1470159129573403,900.0,9.255018085241317e-10,-0.0001543741451314,0.1795431673526764,1
188416,0.0010155597509083,910.0,-2.159504219889641e-09,-0.0001550821671116,1.588398481544573e-05,1
190464,0.1125193101319382,920.0,8.096685633063316e-09,-0.0001557672972921,0.0017363760853186,1
192512,0.0031040085541462,930.0,-5.905167199671269e-08,-0.0001582991208124,0.000462442432763,1
194560,0.1284852275777666,940.0,-8.754432201385498e-09,-0.0001565567405123,0.0002879617386497,1
196608,0.6841533841914498,950.0,-1.979060471057892e-09,-0.0001547304107589,0.6593313217163086,1
198656,0.07386950134387,960.0,4.668254405260086e-09,-0.0001571251475979,0.1009533554315567,1
200704,0.1846331437904154,970.0,-4.423782229423523e-09,-0.0001560944730954,0.0832447558641433,1
202752,0.4813816326204687,980.0,-0.0005487632530275,-0.0001182129549306,0.0482936091721057,1
204800,0.1948524847568478,990.0,-1.327134668827057e-09,-9.820619752645144e-05,0.0824153795838356,1
206848,0.2301385876809945,1000.0,3.608874976634979e-10,-9.673576805653284e-05,0.0018053994281217,1
208896,0.036871247041563,1010.0,-1.335865817964077e-09,-9.99323017822462e-05,0.0048795603215694,1
210944,0.0563808944803895,1020.0,7.159542292356492e-10,-9.9059062449669e-05,0.0511165261268615,1
212992,0.1514611210906878,1030.0,1.327134668827057e-09,-9.796450785870547e-05,0.0670645236968994,1
215040,0.0284385041944915,1040.0,-9.42964106798172e-10,-9.720946418383392e-05,0.0024842203129082,1
217088,0.0727924235892714,1050.0,7.217749953269959e-10,-9.940734225892811e-05,0.0099181560799479,1
219136,0.0742647208156995,1060.0,1.4319084584712983e-09,-0.0001030247852213,0.0082761570811271,1
221184,0.0415482017313479,1070.0,-2.3533357307314873e-08,-9.788473189473736e-05,0.001099225715734,1
223232,0.7748120118165389,1080.0,-1.0244548320770262e-09,-9.724481988087064e-05,0.1680904328823089,1
225280,0.5607635979889892,1090.0,-0.0001637787674553,-8.4867292571289e-05,0.0097389826551079,1
227328,0.0491447139454976,1100.0,4.2637111619114876e-09,-7.310352057174896e-05,0.0008566483738832,1
229376,0.5909629318222869,1110.0,3.585591912269592e-09,-7.174939282776905e-05,0.1850222945213318,1
231424,0.006487043906236,1120.0,2.8987415134906767e-09,-7.218967748485738e-05,0.0022661993280053,1
233472,0.0298348301235819,1130.0,1.0128132998943328e-09,-7.230146875372156e-05,0.0076763904653489,1
235520,0.1396463254932314,1140.0,-2.759043127298355e-09,-7.24387218724587e-05,0.0709447339177131,1
237568,0.0060065375868362,1150.0,5.617039278149605e-10,-7.295388459169772e-05,0.0016740900464355,1
239616,0.180139622092247,1160.0,2.6775524020195005e-10,-7.249192540257355e-05,0.0011957532260566,1
241664,0.0021822626302309,1170.0,-1.2165401130914687e-09,-7.23954970453633e-05,0.0009772310731932,1
243712,0.1702614410343813,1180.0,0.0,-7.28496837837156e-05,0.0747875794768333,1
245760,0.0083501276936658,1190.0,-7.39237293601036e-10,-7.320114973481395e-05,0.0004155465285293,1
247808,0.001180537423761,1200.0,-8.789356797933577e-10,-7.324106882151682e-05,0.0007605099235661,1
249856,0.0839771300414213,1210.0,9.895302355289459e-11,-7.38354505301686e-05,0.0006160440389066,1
251904,0.1187628720479551,1220.0,7.799826562404633e-10,-7.357941622103681e-05,0.1044690683484077,1
253952,0.027506770107243,1230.0,5.238689482212067e-10,-7.457780830009142e-05,1.6141775631695054e-05,1
256000,0.0020998108512685,1240.0,-4.074536263942718e-10,-7.48572088923538e-05,0.0011074868962168,1
258048,0.5292621723623597,1250.0,-8.672941476106643e-10,-7.464366863132454e-05,0.1134695410728454,1
260096,0.1113671417057048,1260.0,3.9581209421157836e-10,-7.495051413570763e-05,0.0027715126052498,1
262144,0.0556438390867697,1270.0,-4.202593117952347e-09,-7.53388335397176e-05,0.0002457915106788,1
264192,0.2203780636715237,1280.0,-1.1990778148174287e-09,-7.643359076610068e-05,0.2614613771438598,1
266240,0.0022665319755105,1290.0,-1.8774881027638913e-08,-7.508878597946022e-05,0.0008569447672925,1
268288,0.1931901393720181,1300.0,6.420304998755455e-09,-7.55156836930837e-05,0.1509242951869964,1
270336,0.3197350943537458,1310.0,-1.1408701539039612e-08,-7.656469861103688e-05,0.0004869057738687,1
272384,0.0057699337118265,1320.0,-1.0808580555021765e-07,-8.428984210695489e-05,3.4871569368988276e-05,1
274432,0.1610317249957006,1330.0,1.9255094230175022e-08,-7.6815398006147e-05,0.2397944182157516,1
276480,0.0080134614145208,1340.0,-1.6298145055770872e-09,-7.726107542112004e-05,0.0003552477573975,1
278528,0.0030484578791401,1350.0,-6.228219717741011e-10,-7.8094558466546e-05,0.0013646028237417,1
280576,0.1332074578102037,1360.0,1.705484464764595e-09,-7.920613370515639e-05,0.1033650562167167,1
282624,0.0268988054296642,1370.0,-3.201421350240707e-09,-7.961199580677202e-05,0.1030293181538581,1
284672,0.132275584834133,1380.0,-3.073364496231079e-09,-7.878031383370398e-05,0.0044987224973738,1
286720,0.0324685726984171,1390.0,-3.562308847904205e-09,-7.933595034046448e-05,0.0006121583865024,1
288768,0.4330832184889004,1400.0,-3.527384251356125e-09,-8.020057448447915e-05,0.4324719905853271,1
290816,0.6050692082964815,1410.0,-6.170012056827544e-10,-8.047571336646797e-05,0.5144757628440857,1
292864,0.0765077857198775,1420.0,4.365574568510055e-10,-8.059127303567948e-05,0.0004838569730054,1
294912,0.2082198956952197,1430.0,6.984919309616089e-11,-8.512756530763e-05,0.221118614077568,1
296960,0.1154847526071534,1440.0,-1.4493707567453384e-09,-8.100853492578607e-05,0.0011877027573063,1
299008,0.1303244900038407,1450.0,-4.703179001808166e-09,-8.359740368177882e-05,0.0010307506890967,1
301056,0.0307075029350016,1460.0,-1.0139774531126022e-08,-8.293962955576716e-05,0.1172432899475097,1
303104,0.0023380562131933,1470.0,7.974449545145033e-10,-8.294865065181512e-05,0.0002013104676734,1
305152,0.2239487069484312,1480.0,1.298030838370323e-09,-8.336752871400677e-05,0.1022664085030555,1
307200,0.051003946687706,1490.0,-1.4959368854761123e-09,-8.388829064642778e-05,0.1009722650051117,1
309248,0.0262421419877682,1500.0,-8.021015673875811e-09,-8.893833328329492e-05,0.0006692358292639,1
311296,0.0838123962243116,1510.0,-7.136259227991104e-09,-8.69814052748552e-05,0.0007007448584772,1
313344,0.1459704513152246,1520.0,-1.931330189108849e-08,-9.151248323178152e-05,0.0008730547269806,1
315392,0.2907697748800274,1530.0,-2.4447217583656307e-10,-9.050972057593754e-05,0.1840250194072723,1
317440,0.0933088315941859,1540.0,3.707828000187874e-09,-8.854782035996322e-05,0.0009525654604658,1
319488,0.0314150119422265,1550.0,3.8457801565527925e-08,-9.272012139263097e-05,0.0002257373853353,1
321536,0.1292442465659405,1560.0,-2.548040356487036e-08,-9.754578859428876e-05,0.0026633816305547,1
323584,0.0677402371344214,1570.0,-1.7572892829775812e-08,-9.480317412453588e-05,0.0002317167381988,1
325632,0.0388637240132084,1580.0,3.0617229640483853e-09,-9.438587912882212e-05,0.0064848251640796,1
327680,0.0667352325079264,1590.0,2.689193934202194e-09,-9.643614484957652e-05,0.0030529061332345,1
329728,0.2011900256125955,1600.0,-3.332388587296009e-08,-9.767293367985984e-05,0.0925920605659484,1
331776,0.0057427796789852,1610.0,7.11705069988966e-08,-0.0001021343718093,0.0079014617949724,1
333824,0.0266575643199757,1620.0,3.864988684654236e-09,-0.0001048944260219,0.0002577207633294,1
335872,0.0915352076293856,1630.0,-5.413312464952468e-10,-0.00011216081175,0.0197048317641019,1
337920,0.0018960707789631,1640.0,-9.156065061688424e-09,-0.0001137657191065,8.459753735223785e-05,1
339968,0.0927498742908937,1650.0,-7.920607458800077e-09,-0.0001083538158127,0.0614818707108497,1
342016,0.1663566447503399,1660.0,2.283195499330759e-09,-0.0001106900821469,0.2557127177715301,1
344064,0.2844292880618013,1670.0,-2.351589500904083e-09,-0.0001114412280912,0.1586517989635467,1
346112,0.0153286536995437,1680.0,-4.455214366316795e-08,-0.0001116557445129,0.0065447147935628,1
348160,0.4676305069151567,1690.0,2.3283064365386963e-10,-0.0001119837182159,0.3292196989059448,1
350208,0.1621128336701076,1700.0,-2.0064180716872218e-08,-0.0001183816955744,0.0054723205976188,1
352256,0.2832472086840426,1710.0,-2.9627699404954914e-08,-0.0001156160070422,0.2656120359897613,1
354304,0.0077260239821043,1720.0,-2.1688174456357957e-08,-0.00013577394202,0.0018969688098877,1
356352,0.0100074728645267,1730.0,-5.073961801826954e-08,-0.0001186121921818,0.002082613762468,1
358400,0.019319480935519,1740.0,-5.7189026847481734e-08,-0.0001309204470089,0.0616950839757919,1
360448,0.1336097968909598,1750.0,-2.689193934202194e-09,-0.0001340200406048,0.0410663150250911,1
362496,0.2358886345202336,1760.0,-3.594905138015747e-08,-0.0001377772430714,0.0315081104636192,1
364544,0.075217713980237,1770.0,-1.266016624867916e-08,-0.0001344221711406,0.0029117909725755,1
366592,0.0972992921324475,1780.0,5.634501576423645e-09,-0.000134820121093,0.0993916243314743,1
368640,0.2029618496308103,1790.0,-1.3801036402583122e-08,-0.000138639927718,0.2107622176408767,1
370688,0.2695877869555261,1800.0,-6.903428584337234e-09,-0.0001408116071615,0.1609382480382919,1
372736,0.511261776421452,1810.0,-1.9348226487636565e-08,-0.0001471779492931,0.37802255153656,1
374784,0.2058362960116938,1820.0,-1.6414560377597812e-08,-0.0001521636295365,0.1244382783770561,1
376832,0.0772859576507471,1830.0,-4.4115586206316947e-08,-0.0001582376497026,0.00142624869477,1
378880,0.3213889606762677,1840.0,-2.0489096641540527e-08,-0.0001590520747413,0.1395421624183654,1
380928,0.2466640877071768,1850.0,3.620516508817673e-09,-0.0001693095773589,0.0023272668477147,1
382976,0.0151955766486935,1860.0,-2.9220245778560642e-08,-0.0001719650779705,0.0025769402272999,1
385024,0.0628729054726136,1870.0,-4.758476279675961e-08,-0.0001785128515621,0.1357150971889495,1
387072,0.031134694940556,1880.0,-3.405672032386065e-07,-0.0001917625382702,0.0003961136098951,1
389120,0.1021804040705319,1890.0,-3.4342519938945767e-10,-0.0001964565499292,0.0012714163167402,1
391168,0.0026355199464887,1900.0,-1.2068776413798333e-07,-0.0002013555636949,0.0015065332408994,1
393216,0.2871850196905143,1910.0,-8.89529474079609e-08,-0.0002298088375027,0.4962371587753296,1
395264,0.0330664140183216,1920.0,-7.740163709968328e-08,-0.0002410403823887,0.0012013062369078,1
397312,0.0285474270436679,1930.0,-1.2526288628578184e-08,-0.000256865506526,0.0135559355840086,1
399360,0.0601429352140257,1940.0,5.553010851144791e-09,-0.0002840407643816,0.0006282085669226,1
401408,0.1929239117875113,1950.0,-3.01311956718564e-08,-0.0002945854877907,0.0002137404953828,1
403456,0.2124285109894117,1960.0,-1.1979136615991591e-08,-0.0003103760343947,0.0020392558071762,1
405504,0.0338348389657767,1970.0,-5.158392013981938e-07,-0.0003641731153038,0.0024023544974625,1
407552,0.4194497951073572,1980.0,-0.0008373800956178,-0.0002323986338524,0.1121039316058158,1
409600,0.0081493830672116,1990.0,-8.32369551062584e-10,-0.000188630401135,0.0010804855264723,1
411648,0.0246040566704323,2000.0,-4.9476511776447296e-08,-0.0002018258106545,0.000851375341881,1
413696,0.0515666956285713,2010.0,-5.590845830738545e-08,-0.0002063010821075,0.0035675333347171,1
415744,0.1607187204594083,2020.0,-6.979098543524742e-09,-0.0002068305377179,0.1003684997558593,1
417792,0.2967402929119999,2030.0,-1.1798692867159844e-08,-0.0002232128057585,0.1316022276878357,1
419840,0.0204241329693104,2040.0,-2.3093889467418194e-08,-0.0002241436861368,0.0029001620132476,1
421888,0.0257296363470231,2050.0,-2.4220207706093793e-08,-0.0002373570190684,0.0005895958165638,1
423936,0.4598008318716893,2060.0,-7.413618732243778e-08,-0.0002498370258763,0.4318510591983795,1
425984,0.0796600149085861,2070.0,-3.2802927307784555e-08,-0.0002422876792479,0.0929681211709976,1
428032,0.1315511214146681,2080.0,5.331821739673614e-09,-0.0002692217214644,0.0800390839576721,1
430080,0.0026130044576348,2090.0,-4.75090928375721e-08,-0.0002768426296825,0.0004177111841272,1
432128,0.1269102530102827,2100.0,-1.760781742632389e-08,-0.0002878613464417,0.0488438606262207,1
434176,0.0137510010768892,2110.0,-0.0005392696592025,-0.0002066304628897,0.0019753917586058,1
436224,0.0095112754730507,2120.0,4.4979969970881946e-08,-0.0002156729116904,0.0010779722360894,1
438272,0.0104153994405351,2130.0,1.623993739485741e-08,-0.0002181988154916,0.009665791876614,1
440320,0.0976034175546374,2140.0,-6.059417501091957e-09,-0.0002056657991488,0.0035004706587642,1
442368,0.2416597970237489,2150.0,-1.9444269128143788e-08,-0.0002149485497284,0.1475034654140472,1
444416,0.0014217600957636,2160.0,-8.284696377813817e-08,-0.0002322092810572,0.0006687224959023,1
446464,0.282712875836296,2170.0,-2.1593587007373574e-07,-0.000219911019667,0.0909745171666145,1
448512,0.3392364757368341,2180.0,3.3527612686157223e-09,-0.0002236500691651,0.0024068073835223,1
450560,0.5263747587800026,2190.0,-1.6461126506328583e-08,-0.0002279703901876,0.3143854439258575,1
452608,0.2973874198331032,2200.0,-1.2433156371116638e-08,-0.0002185581532103,0.3198825120925903,1
454656,0.0088055882399203,2210.0,-8.92265234142542e-08,-0.0002100663346936,0.0042040357366204,1
456704,0.0986777370057097,2220.0,-8.59028659760952e-08,-0.0002473501192071,0.14822418987751,1
458752,0.1543059074541815,2230.0,-1.803738996386528e-07,-0.0002604188703116,0.0011886820429936,1
460800,0.0597417081327876,2240.0,-2.7247006073594098e-08,-0.0002504849871911,0.063546173274517,1
462848,0.0976820013369433,2250.0,1.6367994248867034e-08,-0.0002435239854094,0.0697901397943496,1
464896,0.0266684750789863,2260.0,4.426692612469196e-09,-0.000260581886323,0.0072101606056094,1
466944,0.0406098176710656,2270.0,-6.365589797496795e-08,-0.0002538449658459,0.0013745028991252,1
468992,0.1067183008315623,2280.0,-9.255018085241319e-08,-0.0002885698246245,0.0007129373261705,1
471040,0.2961682694869523,2290.0,7.392372936010361e-09,-0.0002853243982826,0.1478555500507354,1
473088,0.0762890136742498,2300.0,-5.058769602328539e-07,-0.0003412301703065,0.0971032753586769,1
475136,0.0279541474934376,2310.0,-1.4872639440000057e-07,-0.0003102668099018,0.0357391200959682,1
477184,0.0525294754290371,2320.0,-3.377179382368922e-07,-0.0003462876647972,0.0007862058118917,1
479232,0.0773698604141827,2330.0,-2.604210749268532e-07,-0.0004303944780986,0.0650722831487655,1
481280,0.1399234929034719,2340.0,-1.8574646674096586e-07,-0.0003686024661874,0.0066474308259785,1
483328,0.0340441631458816,2350.0,-2.1999003365635875e-07,-0.0004011023018392,0.0013381006428971,1
485376,0.2191887668712297,2360.0,-1.2236996553838254e-07,-0.0004010275009932,0.0015942464815452,1
487424,0.1492250786104705,2370.0,1.944135874509811e-09,-0.0004986451822333,0.0046496130526065,1
489472,0.0030585600043195,2380.0,-5.104171577841043e-07,-0.0004289690583391,0.0030933811794966,1
491520,0.0664217953378283,2390.0,-1.1486816219985486e-06,-0.000679055215005,4.170017928117886e-05,1
493568,0.1195231316283752,2400.0,6.378977559506895e-08,-0.001001056957466,0.0791785046458244,1
495616,0.0035240422625065,2410.0,-3.219727659597993e-06,-0.0008899737622414,0.0022609666921198,1
497664,0.1279091039352352,2420.0,-0.0002703204983845,-0.0008621459426649,0.0160030703991651,1
499712,0.0028824423608966,2430.0,-1.921434886753559e-06,-0.000753440803237,0.0012215605238452,1
501760,0.3318743740950595,2440.0,-1.937965862452984e-06,-0.0007949924663989,0.142087385058403,1
503808,0.0183872824389254,2450.0,-0.0007112725172191,-0.0006700760692183,0.0087722996249794,1
505856,0.1533547933373484,2460.0,-1.6191042959690093e-07,-0.0006225453944352,0.0005534382653422,1
507904,0.0355012128246016,2470.0,-0.0012767869600793,-0.0003183011049259,0.0105745662003755,1
509952,0.0952978621397051,2480.0,-1.604494173079729e-07,-0.0002409592116237,0.0016285898163914,1
512000,0.0750867209193529,2490.0,7.077469490468504e-08,-0.0002434969543173,0.1175338625907898,1
514048,0.0962750913745367,2500.0,-8.707866072654724e-09,-0.0002772221290797,0.0003715410421136,1
516096,0.1644454113527899,2510.0,-5.3434632718563086e-08,-0.0002086187590975,0.0960021317005157,1
518144,0.2973109056038083,2520.0,3.201421350240707e-09,-0.0002292329272677,0.2223628461360931,1
520192,0.2188342066394398,2530.0,-5.988986231386662e-08,-0.0002341448343941,0.1107161939144134,1
522240,0.1226129258109722,2540.0,-3.7747668102383614e-08,-0.0002566179260611,0.001122077461332,1
524288,0.6977132235653698,2550.0,-1.8125865608453753e-08,-0.0002557212865212,0.2644096314907074,1
526336,0.0670793726028932,2560.0,-1.0512303560972212e-08,-0.0002306708773176,0.0250857416540384,1
528384,0.101677992704208,2570.0,-1.0419171303510666e-08,-0.0002631607581861,0.0754696726799011,1
530432,1.012721670162864,2580.0,-1.4633405953645708e-08,-0.0002360511527513,0.5289508104324341,1
532480,0.5532649440516252,2590.0,-2.1985033527016642e-08,-0.000236332042914,0.1085000559687614,1
534528,0.0033935286450287,2600.0,-9.102514013648033e-08,-0.0002559979831858,0.0007094740285538,1
536576,0.8493499440141022,2610.0,-1.2980308383703232e-08,-0.0002223511331976,0.2128751277923584,1
538624,0.2386557720834389,2620.0,-9.388895705342292e-09,-0.0002117221498338,0.0017269102390855,1
540672,0.0593907561546075,2630.0,-4.8481160774827e-08,-0.0002048546441073,0.000651934184134,1
542720,1.2095199129311367,2640.0,9.196810424327851e-10,-0.0002372083003137,0.2088347226381302,1
544768,0.0009385512658809,2650.0,-3.246357664465904e-07,-0.0002917038113082,0.0004474034940358,1
546816,0.2006844536939752,2660.0,-8.09086486697197e-10,-0.0002298275247085,0.0949697494506836,1
548864,0.0913522364040545,2670.0,4.575122147798538e-09,-0.0002108190667058,0.0986037328839302,1
550912,0.0155171037884429,2680.0,-6.623391527682543e-07,-0.0002607780261314,0.0022927427198737,1
552960,0.0343724954537265,2690.0,-2.099259290844202e-07,-0.0002919163580372,0.0006594449514523,1
555008,0.0854306560300756,2700.0,-2.985179889947176e-08,-0.000259489340533,0.0088799698278307,1
557056,0.0372184582498448,2710.0,-3.17627564072609e-07,-0.0002560718397944,0.0028275996446609,1
559104,0.036512805448001,2720.0,-3.7823338061571125e-08,-0.000260814070134,0.0005930295446887,1
561152,0.2811678986879997,2730.0,-1.1548399925231934e-08,-0.0002210212736827,0.2535163164138794,1
563200,0.0338799505796487,2740.0,-8.41973815113306e-09,-0.0002502757217371,0.0003465144836809,1
565248,0.0977724943521025,2750.0,-4.2904866859316834e-08,-0.0002580569340352,0.002919306512922,1
567296,0.121983112845919,2760.0,-7.288181222975255e-08,-0.0002455323090543,0.0083480300381779,1
569344,0.0206939022365986,2770.0,-2.709741238504649e-07,-0.0003119844332104,0.0372885502874851,1
571392,0.0951645162953354,2780.0,-2.0023435354232787e-09,-0.0003045004621526,0.0006668965215794,1
573440,0.0314064239842991,2790.0,-2.028245944529772e-07,-0.0002899499817431,0.0005426864954642,1
575488,0.0035861417411751,2800.0,-2.2817403078079226e-07,-0.0002903048665757,0.0052114138379693,1
577536,0.038969034900947,2810.0,-0.00082906462776,-0.0001851676006481,0.0694842264056205,1
579584,0.0319497702050284,2820.0,3.651948645710945e-08,-0.0002084969972202,0.0010755605762824,1
581632,0.0003517072450904,2830.0,-4.699686542153358e-08,-0.0002251640666145,0.0002270609838888,1
583680,0.074464679383891,2840.0,-1.4674151316285133e-08,-0.0002156924936571,0.0038379034958779,1
585728,0.3780665824429888,2850.0,-2.6117777451872825e-08,-0.0001999800992052,0.5897209644317627,1
587776,0.3976137623772956,2860.0,6.769550964236259e-09,-0.000204479468266,0.2327707260847091,1
589824,0.0298951126897009,2870.0,-0.0005309629777912,-0.0001675123574386,0.0039173737168312,1
591872,0.1072652207756618,2880.0,-2.0687002688646315e-08,-0.0001728594614178,0.2066424936056137,1
593920,0.0047559656199155,2890.0,-4.8690708354115486e-08,-0.0001576027596456,0.0013406353536993,1
595968,0.0384901460402034,2900.0,-5.151377990841864e-10,-0.0001591706406543,0.0062236743979156,1
598016,0.1794030649412889,2910.0,-5.704350769519806e-09,-0.0001681907477177,0.0596117861568927,1
600064,0.155608263691829,2920.0,4.4004991650581365e-09,-0.000163009192147,0.0747516229748725,1
602112,0.0309841675953066,2930.0,-3.9720907807350164e-08,-0.0001807751359592,0.0003042067983187,1
604160,0.186972954616067,2940.0,-9.546056389808654e-10,-0.0001777312862031,0.0041092648170888,1
606208,0.1208945815487823,2950.0,-1.6140984371304513e-08,-0.0001926579643622,0.0946091786026954,1
608256,0.4761133305539261,2960.0,4.9476511776447304e-09,-0.0001874261786724,0.2327718734741211,1
610304,0.1409255057136761,2970.0,-2.3312168195843697e-08,-0.0001883951410491,0.113977275788784,1
612352,0.1516000480572984,2980.0,-8.335337042808532e-09,-0.0001758711910952,0.1083127036690712,1
614400,0.0336084497808769,2990.0,-7.00878445059061e-08,-0.000190830887368,0.0022851657122373,1
616448,0.0305552157929923,3000.0,-9.320792742073537e-08,-0.0001873879156846,0.0015491395024582,1
618496,0.5654663277848158,3010.0,9.196810424327851e-10,-0.0001647101584239,0.4094091355800628,1
620544,0.0079670829272799,3020.0,-1.2910459190607072e-08,-0.0001812458274798,0.0006013619713485,1
622592,0.0032338860624349,3030.0,-3.1583476811647416e-08,-0.000156720310224,0.0001285137259401,1
624640,0.0750828418273158,3040.0,-3.01748514175415e-08,-0.0002157623212042,0.0556910224258899,1
626688,0.1476047276999452,3050.0,-1.3050157576799392e-08,-0.0001805491412596,0.0936734229326248,1
628736,0.0492411689552682,3060.0,5.919719114899635e-09,-0.0001894915112643,0.0017460462404415,1
630784,0.1258771892647928,3070.0,6.397021934390068e-09,-0.0001906306159071,0.080049954354763,1
632832,0.0030772655625696,3080.0,-1.1530937626957893e-07,-0.0001981815030376,0.0014962705317884,1
634880,0.1162260784476529,3090.0,-3.0192313715815553e-08,-0.0002293023075253,0.006156769581139,1
636928,0.0917423696941114,3100.0,-7.047783583402633e-08,-0.0002400355713689,0.0020118143875151,1
638976,0.0053678545016737,3110.0,-8.156639523804189e-08,-0.0001906188024804,0.0012865783646702,1
641024,0.0060318830423057,3120.0,-1.033127773553133e-07,-0.0002553309746872,0.0021719415672123,1
643072,0.185873510386591,3130.0,-6.931077223271133e-08,-0.0002092473343509,0.0015495531260967,1
645120,0.1711691419739509,3140.0,-4.9115624278783796e-08,-0.0002492502224413,0.0034389218781143,1
647168,0.0042876226390944,3150.0,-6.188638508319855e-08,-0.0001921296901855,0.0015530803939327,1
649216,0.0910430438249022,3160.0,-5.200272426009179e-08,-0.0002504711110304,0.0018713087774813,1
651264,0.2377234563027741,3170.0,-4.137400537729263e-08,-0.0002888999606511,0.2488153576850891,1
653312,0.0807318981671414,3180.0,-1.6923877410590649e-07,-0.0002730699594394,0.0937494114041328,1
655360,0.1486679911246028,3190.0,-6.2666367739439e-08,-0.0003292990204499,0.0007280565332621,1
657408,0.2377625815453939,3200.0,-1.4895340427756311e-08,-0.0002843232741724,0.3746407628059387,1
659456,0.1107649705360017,3210.0,-5.5116834118962287e-08,-0.0002887751979869,0.0001486250694142,1
661504,0.0978749177083955,3220.0,-8.881906978785992e-08,-0.000333556595433,0.0017933209892362,1
663552,0.6559050294803456,3230.0,-1.1083902791142465e-07,-0.0003151845106913,0.887546181678772,1
665600,0.0890632713977538,3240.0,-1.7186684999614957e-07,-0.000326896412298,0.1520290225744247,1
667648,0.2008390804214286,3250.0,-5.855690687894821e-08,-0.0003061248640733,0.0874256119132042,1
669696,0.0772974171077294,3260.0,-5.6583667173981675e-08,-0.0003408871569263,0.1185420602560043,1
671744,0.1810541598941199,3270.0,-0.0004438425647094,-0.0002842436213541,0.0021835612133145,1
673792,0.2603068732831161,3280.0,-7.206108421087265e-09,-0.0002302496814081,0.0046209427528083,1
675840,0.0021351977042286,3290.0,-1.1362135410308836e-08,-0.0003029481620615,0.0001291874068556,1
677888,0.1239566493502934,3300.0,-1.1778902262449265e-07,-0.0002806834629154,0.0035396986640989,1
679936,0.4764725143992109,3310.0,4.854518920183182e-09,-0.0003626188245107,0.1728370636701584,1
681984,0.0054709985124645,3320.0,-0.0009610276727471,-0.0002413008973235,0.0034212318714708,1
684032,0.0750146429134474,3330.0,-2.2404128685593604e-08,-0.0002108807588228,0.0017951875925064,1
686080,0.0702747842122335,3340.0,-2.694083377718925e-07,-0.0002097034264807,0.0755881518125534,1
688128,0.1172157970344414,3350.0,-4.8917718231678014e-08,-0.0002105800367644,0.1287784129381179,1
690176,0.2655236899736337,3360.0,-2.0244624465703965e-08,-0.0002010863745454,0.1078833639621734,1
692224,0.180967957683606,3370.0,1.0360963642597198e-08,-0.0001809197096008,0.1411861777305603,1
694272,0.031684753306763,3380.0,-2.5893677957355977e-08,-0.0002275648648719,0.0038384112995117,1
696320,0.0140136662623262,3390.0,-4.3318141251802454e-08,-0.0002026282263614,0.0121644055470824,1
698368,0.1290409617060504,3400.0,-9.343493729829788e-08,-0.0002003443221838,0.0008163793827407,1
700416,0.4536789329256862,3410.0,-7.945345714688301e-09,-0.0001981541019631,0.3611930906772613,1
702464,0.0305507141469206,3420.0,-2.1724263206124305e-07,-0.0002023789054874,0.0002915728546213,1
704512,0.1163196711708224,3430.0,-2.2561289370059972e-08,-0.0002267219848363,0.0001156116049969,1
706560,0.7120756356976926,3440.0,-5.238689482212067e-10,-0.0002366467355386,0.7198799252510071,1
708608,0.078056804861626,3450.0,-4.78816218674183e-08,-0.0002438498677292,0.0907389670610427,1
710656,0.131142862951674,3460.0,-2.402346581220627e-07,-0.0002173453875002,0.11460842192173,1
712704,0.2249671024219424,3470.0,-3.300374373793602e-08,-0.0002401945374003,0.0010115541517734,1
714752,0.2135262895433697,3480.0,-2.8643989935517312e-08,-0.0002332286263481,0.1148927882313728,1
716800,1.3542960633378245,3490.0,-2.724118530750274e-09,-0.0002113890273903,0.0171374287456274,1
718848,0.0059344496876292,3500.0,-0.000737250741804,-0.000190329335237,0.0023731042165309,1
720896,0.1267967315950954,3510.0,8.49831849336624e-10,-0.000181743300709,0.0126352254301309,1
722944,0.0441899973719046,3520.0,-1.3899989426136018e-08,-0.000191701042786,0.0002805225085467,1
724992,0.2554325276360032,3530.0,-4.58909198641777e-08,-0.0001704873384369,0.4295184314250946,1
727040,0.2242372609616723,3540.0,-0.0001432900317013,-0.0001645483736865,0.2068211436271667,1
729088,0.4710495768958935,3550.0,1.5483237802982331e-09,-0.0001737156662784,0.0018613761058077,1
731136,0.1132752608562441,3560.0,-5.384208634495735e-09,-0.000146823025716,0.0003276589559391,1
733184,0.7302755999320653,3570.0,-1.3777753338217736e-08,-0.0001717274282782,0.7353983521461487,1
735232,0.011561741301557,3580.0,-3.539607860147953e-08,-0.0001778322608515,0.0009011961519718,1
737280,0.3658111386874225,3590.0,2.5576446205377577e-08,-0.0001727662916891,0.0953332036733627,1
739328,0.0093840427922259,3600.0,-9.050127118825912e-08,-0.0001636981331103,0.0004983426188118,1
741376,0.1538264809030806,3610.0,-4.150206223130226e-09,-0.0002103489867295,0.0021248555276542,1
743424,0.1432388747693039,3620.0,-4.74101398140192e-08,-0.0001959425793756,0.130192220211029,1
745472,0.1088193169056467,3630.0,-2.3719621822237972e-08,-0.0001827995711209,0.0008409804431721,1
747520,0.0051438963469991,3640.0,-4.014116711914539e-07,-0.0001972441294128,0.0002024288842221,1
749568,0.0292345952313553,3650.0,-7.04370904713869e-08,-0.0002022875105467,0.0002030815230682,1
751616,0.0588305819666857,3660.0,-4.602770786732435e-08,-0.000189513494115,0.1156349256634712,1
753664,0.0473755750777854,3670.0,-2.1149753592908385e-07,-0.0001780031516318,0.0001003313373075,1
755712,0.2378508722569677,3680.0,-1.691514626145363e-08,-0.000219225830915,0.2099758088588714,1
757760,0.1638807956485834,3690.0,2.962769940495491e-09,-0.0002020079025896,0.0058547528460621,1
759808,0.3248947491112631,3700.0,1.1373776942491532e-08,-0.0001663193819695,0.2946053445339203,1
761856,0.0251291432770813,3710.0,-4.3379259295761585e-08,-0.0002273780948598,0.0009369533509016,1
763904,0.0373282042768551,3720.0,-5.253823474049568e-08,-0.0002005610662308,0.0331590883433818,1
765952,0.0223042108562367,3730.0,-5.023321136832237e-08,-0.0002460673333189,0.0049461279995739,1
768000,0.7158837725408376,3740.0,-1.6414560377597812e-08,-0.0002271828658194,0.4602497518062591,1
770048,0.0574534369763568,3750.0,-0.0007266426109708,-0.0002088466797431,0.0012022678274661,1
772096,0.140732507132634,3760.0,-1.2837117537856105e-07,-0.0001508705117885,0.1047875136137008,1
774144,0.0478046111387811,3770.0,-4.027970135211945e-09,-0.0001371035568809,0.0019700406119227,1
776192,0.490313580824295,3780.0,-1.7462298274040222e-10,-0.0001724887786622,0.1090449541807174,1
778240,0.0061498137640228,3790.0,-3.604218363761902e-08,-0.0001570777429151,0.0041692005470395,1
780288,0.1730785681254928,3800.0,-1.4330726116895677e-08,-0.0002010001000599,0.0475892685353755,1
782336,0.1628995937144282,3810.0,-4.569301381707191e-09,-0.0001829282509788,0.0005881746765226,1
784384,0.1426449047175992,3820.0,-2.596061676740646e-09,-0.0001666048250626,0.0155155966058373,1
786432,0.0687785637986962,3830.0,-1.5186378732323645e-08,-0.0001864812993517,0.0095597198233008,1
788480,0.2461370537913353,3840.0,-1.6734702512621883e-08,-0.0001560588103529,0.0088539496064186,1
790528,1.3295050002401694,3850.0,-1.862645149230957e-09,-0.0001974509052161,0.7581185698509216,1
792576,0.1814016427328169,3860.0,-7.721828296780587e-08,-0.0001818964616177,0.0023196672555059,1
794624,0.2628315861200462,3870.0,9.988434612751008e-09,-0.0002204160962719,0.1076849848031997,1
796672,0.0850332339061424,3880.0,-4.0410668589174754e-08,-0.0002386384228884,0.1751090735197067,1
798720,0.0247030797185289,3890.0,-1.690234057605267e-07,-0.0002375450136241,0.0013084961101412,1
800768,0.5199765154102352,3900.0,-1.8544960767030717e-08,-0.0002300978439961,0.0030543117318302,1
802816,0.0582455506759288,3910.0,-1.0508229024708273e-07,-0.0002038841270405,0.0029472496826201,1
804864,0.0034816955928363,3920.0,-1.7639249563217166e-07,-0.0002437264516629,7.527023990405723e-05,1
806912,0.0020224491529006,3930.0,-1.101754605770111e-07,-0.0002675634154002,0.0006959934253245,1
808960,0.2335843989887507,3940.0,-4.486064426600934e-08,-0.0002833356658811,0.268240749835968,1
811008,0.6240949989354704,3950.0,-4.4819898903369904e-08,-0.0002411213587038,0.0037668279837816,1
813056,0.0328262494404498,3960.0,-3.021443262696267e-07,-0.0003105687133938,6.389580084942281e-05,1
815104,0.234546692672302,3970.0,-1.6369158402085306e-07,-0.000241489680593,0.003254274604842,1
817152,0.1315650531003484,3980.0,-7.015187293291092e-08,-0.0002742766329902,0.0216829050332307,1
819200,0.1571113761368906,3990.0,-1.1688098311424257e-07,-0.000314741305192,0.1503565460443496,1
821248,0.241473258723272,4000.0,-0.0004430346540175,-0.0002399689052253,0.0029514257330447,1
823296,0.0036932387476554,4010.0,-1.8626451492309571e-10,-0.0002324427987332,0.005741084460169,1
825344,0.4145447621980566,4020.0,-5.7392753660678864e-08,-0.0001987158893825,0.4451339244842529,1
827392,0.0874515640847675,4030.0,4.851608537137508e-09,-0.0002036385298197,0.1194943785667419,1
829440,0.0071931986662093,4040.0,-1.1822849046438933e-07,-0.0001943998706337,0.0017288228264078,1
831488,0.0850256577412437,4050.0,-7.89412297308445e-08,-0.0002117752759659,0.0009598330943845,1
833536,0.0800071912351995,4060.0,-4.8556830734014514e-08,-0.0002676409018022,0.0945285335183143,1
835584,0.2738462217774213,4070.0,-1.197622623294592e-07,-0.0001834925595176,0.0026103472337126,1
837632,0.1030182169139152,4080.0,-6.503250915557146e-08,-0.0002449146817525,0.0008640516898594,1
839680,0.0333837615902666,4090.0,-1.2206146493554116e-08,-0.0002326389321751,0.0038709307555109,1
841728,0.3710488268668996,4100.0,-6.519258022308348e-10,-0.0002075920494462,0.1646618843078613,1
843776,0.1804706789291231,4110.0,-2.4796463549137112e-09,-0.0002505231897885,0.0075125587172806,1
845824,0.0705569241288685,4120.0,-8.30809585750103e-07,-0.0002369674421061,0.0750255659222602,1
847872,0.0646084325842366,4130.0,-1.646287273615599e-07,-0.0002146897892089,0.0006623420631513,1
849920,0.1269263321017206,4140.0,-3.782508429139853e-07,-0.0002278489642776,0.0011074418434873,1
851968,0.2586501309502637,4150.0,-2.1641608327627186e-08,-0.0002456903528582,0.0029053285252302,1
854016,0.1805455451729358,4160.0,1.2491364032030104e-08,-0.0002132853875082,0.0932085737586021,1
856064,0.1129703978003817,4170.0,-2.73226760327816e-08,-0.0002326384133993,0.0021606106311082,1
858112,0.1694676864637586,4180.0,-1.1031515896320345e-07,-0.0002191448471421,0.0012043949682265,1
860160,0.0013390315769811,4190.0,-3.737164661288261e-07,-0.0002443997178488,2.5183109755744223e-05,1
862208,0.1280920762863388,4200.0,1.4371471479535105e-08,-0.0002114827117111,7.590564928250387e-05,1
864256,0.034195318107595,4210.0,-3.6506098695099353e-07,-0.0002458194567225,0.0004479930503293,1
866304,0.0031929977913023,4220.0,-1.3937533367425202e-07,-0.0002348153317143,0.0032317941077053,1
868352,0.8638598269724753,4230.0,5.8935256674885756e-08,-0.0002262421667182,0.0988678112626075,1
870400,0.1679975365437712,4240.0,9.58680175244808e-09,-0.0002459915207509,0.1161677688360214,1
872448,0.0310399013704227,4250.0,-9.195646271109581e-08,-0.0002262601023176,0.0003344784199725,1
874496,0.1438879916619043,4260.0,-3.83937731385231e-08,-0.0002616065525216,0.0006940478342585,1
876544,0.0010416206478112,4270.0,-9.414448868483304e-07,-0.0003112935235549,0.0003730354073923,1
878592,0.905148732289672,4280.0,-0.000989505148027,-0.0002240433985207,0.5803080797195435,1
880640,0.0653822875343394,4290.0,-2.604792825877666e-09,-0.0002000567677896,0.0021650488488376,1
882688,0.115071375667685,4300.0,4.831235855817794e-10,-0.000171442980536,0.1173128858208656,1
884736,0.1380848946679179,4310.0,-4.627509042620659e-09,-0.0001934358549988,0.0038598529063165,1
886784,0.4310475961319753,4320.0,-3.323657438158989e-09,-0.000194736243975,0.5974466800689697,1
888832,0.4825705359893618,4330.0,-7.1013346314430245e-09,-0.0001774385622411,0.0011912973131984,1
890880,0.021876078445166,4340.0,-2.250890247523785e-08,-0.0002006738086492,0.0001053347077686,1
892928,0.0739934683540923,4350.0,4.173489287495613e-09,-0.0002019519872192,0.0007165986462496,1
894976,0.1158259073965382,4360.0,1.899024937301874e-09,-0.000179018030758,0.1073794066905975,1
897024,0.0348404730619222,4370.0,-1.7078127712011336e-08,-0.0002107744097884,0.0013898353790864,1
899072,0.1931667276418011,4380.0,-1.4842953532934189e-08,-0.0002017967564825,0.00108348345384,1
901120,0.2058211993684381,4390.0,3.492459654808044e-09,-0.0001929069512698,0.1755030155181884,1
903168,0.0576567908256038,4400.0,9.546056389808656e-09,-0.00020229508591,0.0016708625480532,1
905216,0.0529131986371794,4410.0,-2.7980422601103785e-08,-0.0002021801668888,0.1039598286151886,1
907264,0.0031085300356608,4420.0,-3.824243322014809e-09,-0.0002173895329178,0.0001672364160185,1
909312,0.0045772352403673,4430.0,-7.497146725654603e-09,-0.0002220899361418,1.2690276889770756e-05,1
911360,0.3765130020850847,4440.0,1.32131390273571e-09,-0.0001771927811205,0.0019629683811217,1
913408,0.254975591981929,4450.0,1.979060471057892e-09,-0.0002023453047513,0.3405599296092987,1
915456,0.0017767057335731,4460.0,-1.850712578743696e-08,-0.0002174670929889,0.0009755420614965,1
917504,0.0059522062998439,4470.0,4.080357030034065e-09,-0.0002249327861136,0.0034523566719144,1
919552,0.4823830342909787,4480.0,-3.9581209421157836e-10,-0.0001621573863303,0.3852483928203583,1
921600,0.0656855950743192,4490.0,-8.166534826159478e-09,-0.0001957981383384,0.0024033274967223,1
923648,0.0619856736960173,4500.0,-8.213100954890251e-09,-0.0002165250662073,0.079960286617279,1
925696,0.0826742017317883,4510.0,-1.4924444258213042e-08,-0.0002571715380327,0.0675780549645423,1
927744,0.0724610853387275,4520.0,-4.2043393477797506e-08,-0.0001960717339898,0.0021648292895406,1
929792,0.2315400149032939,4530.0,-2.514570951461792e-09,-0.0002216637594756,0.0642188042402267,1
931840,0.3588251403751201,4540.0,1.4778925105929377e-08,-0.0002770855826383,0.1015103235840797,1
933888,0.0102139493035792,4550.0,-2.8638169169425966e-09,-0.0002288925177708,0.0003873801324516,1
935936,0.1635203259182162,4560.0,1.2165401130914687e-09,-0.0002693177142646,0.0806333050131797,1
937984,0.0285201105185478,4570.0,-2.4569453671574594e-08,-0.0002133362208041,0.0031240207608789,1
940032,0.0968485891236923,4580.0,4.6563218347728255e-08,-0.0002111724043061,0.115722507238388,1
942080,0.0021652535578141,4590.0,-4.88420482724905e-08,-0.0002105287179801,0.0012255326146259,1
944128,0.2821036061024642,4600.0,-2.700835466384887e-09,-0.000221653875451,0.280811458826065,1
946176,0.0072963615617481,4610.0,-3.7834979593753815e-10,-0.0002290525000717,0.0012446449836716,1
948224,1.0027150275040184,4620.0,-4.540197551250458e-09,-0.000223724233183,0.1743182688951492,1
950272,0.003230176440411,4630.0,-1.0000658221542837e-07,-0.0002442184486426,0.0004492391308303,1
952320,0.0525212721375282,4640.0,1.6280682757496833e-08,-0.0002255302861158,0.0008716945303604,1
954368,0.0805672018504992,4650.0,-9.470386430621146e-09,-0.0002264494183691,0.0004858986067119,1
956416,0.0887917766420287,4660.0,3.868481144309044e-08,-0.0002479658491211,0.002112272195518,1
958464,0.1102455879499757,4670.0,-3.8236612454056745e-08,-0.0002502955736417,0.0001418645842932,1
960512,0.0927121363953119,4680.0,5.863257683813572e-08,-0.0002555726969148,0.0047347210347652,1
962560,0.2410921171729569,4690.0,-1.1810334399342536e-08,-0.0002612841988593,0.1189561784267425,1
964608,0.0409930596189951,4700.0,-2.3283064365386963e-08,-0.000217694051571,0.0002294097212143,1
966656,0.1900722180656885,4710.0,-0.0005320745520293,-0.0002081857777739,0.1527149528264999,1
968704,0.0286363228031405,4720.0,2.5934423319995404e-08,-0.0001681043837379,0.0001642266433918,1
970752,0.0056210848364571,4730.0,7.753260433673858e-09,-0.0001493015399319,0.0074830590747296,1
972800,0.0091293441630114,4740.0,-3.213062882423401e-09,-0.0002115377939844,0.0038121135439723,1
974848,0.0881081976840505,4750.0,-1.6263220459222792e-08,-0.0001774583999576,0.0996211841702461,1
976896,0.0030952160866945,4760.0,-2.1536834537982942e-10,-0.0001538054102638,0.0005507793393917,1
978944,0.2373435935332963,4770.0,-1.0151416063308716e-08,-0.0001856314593169,0.0034652466420084,1
980992,0.2021703991704271,4780.0,1.4505349099636076e-08,-0.0001660791402173,0.2216865867376327,1
983040,0.0350535905043216,4790.0,-1.9907020032405855e-09,-0.0001845984772444,0.002051759045571,1
985088,0.6426423240242002,4800.0,-1.4393590390682224e-07,-0.0001902660713312,0.1921457052230835,1
987136,0.0773481078713302,4810.0,-8.899951353669167e-09,-0.0001661648540903,0.1944229155778885,1
989184,0.0023371798481548,4820.0,-1.9348226487636565e-08,-0.0001928380743265,2.6274357878719456e-05,1
991232,0.6284137122856919,4830.0,9.196810424327851e-10,-0.0002018749659328,0.3664633929729461,1
993280,0.0062999778883749,4840.0,-2.930464688688517e-08,-0.000178709022839,0.0016981341177597,1
995328,0.0522119133087471,4850.0,-5.582114681601525e-09,-0.0001717742650725,0.0002336107572773,1
997376,0.1890665439728764,4860.0,-2.037268131971359e-09,-0.0001537845029815,0.0036176615394651,1
999424,0.0033597690333408,4870.0,-5.704350769519805e-10,-0.0002391313240877,0.0004626545414794,1
1001472,0.0480397730611002,4880.0,-6.926711648702621e-09,-0.0001900243480122,0.0008381259394809,1
