time/total_timesteps,time/iterations,time/fps,rollout/success_rate,rollout/ep_rew_mean,rollout/ep_len_mean,time/time_elapsed,train/loss,train/clip_range,train/entropy_loss,train/explained_variance,train/clip_fraction,train/value_loss,train/approx_kl,train/n_updates,train/learning_rate,train/policy_gradient_loss,phase,phase_learning_rate_start,phase_learning_rate_end
2048,1,283,0.0,-203.85,256.0,7,,,,,,,,,,,1,0.0003,5e-05
4096,2,272,0.0,-196.15,256.0,15,31.407346725463867,0.2,-1.0870281994342803,0.0014891028404235,0.16416015625,108.2985610485077,0.013099201,10.0,0.0002994879999999,-0.0134531629271805,1,0.0003,5e-05
6144,3,270,0.0,-191.7833333333333,256.0,22,34.96055603027344,0.2,-1.0545301243662837,0.0022900104522705,0.172509765625,94.00243377685548,0.013660687,20.0,0.0002989759999999,-0.0144555687147658,1,0.0003,5e-05
8192,4,269,0.0,-182.55,256.0,30,40.017852783203125,0.2,-0.9858829326927662,-2.205371856689453e-05,0.179248046875,93.70223016738892,0.01898879,30.0,0.0002984639999999,-0.0156811294204089,1,0.0003,5e-05
10240,5,268,0.0,-173.285,256.0,38,22.221450805664062,0.2,-0.8851214699447155,0.0004806518554687,0.26787109375,58.79707436561584,0.01738432,40.0,0.000297952,-0.0239465488819405,1,0.0003,5e-05
12288,6,266,0.0,-164.4375,256.0,46,17.772998809814453,0.2,-0.7818075984716415,0.0005503892898559,0.1841796875,43.239887142181395,0.011730665,50.0,0.0002974399999999,-0.0173357729334384,1,0.0003,5e-05
14336,7,264,0.0,-156.07142857142858,256.0,54,13.469281196594238,0.2,-0.6724111944437027,-4.7206878662109375e-05,0.146337890625,32.51597924232483,0.008762814,60.0,0.0002969279999999,-0.0133125732361804,1,0.0003,5e-05
16384,8,263,0.0,-148.31875,256.0,62,9.858420372009276,0.2,-0.5654920525848866,1.6808509826660156e-05,0.1634765625,21.32015995979309,0.008352335,70.0,0.000296416,-0.0152718316123355,1,0.0003,5e-05
18432,9,263,0.0,-139.27499999999998,256.0,70,8.769145965576172,0.2,-0.4932881720364094,-0.0003862380981445,0.096875,19.6078186750412,0.0068265796,80.0,0.000295904,-0.0091314595425501,1,0.0003,5e-05
20480,10,262,0.0,-129.20999999999998,256.0,78,3.4097375869750977,0.2,-0.3695620741695166,-0.0002423524856567,0.11904296875,9.880420833826063,0.015945092,90.0,0.0002953919999999,-0.0153219707077369,1,0.0003,5e-05
22528,11,261,0.0,-120.0068181818182,256.0,86,4.279661178588867,0.2,-0.2479995090514421,0.0,0.053955078125,6.044238692522049,0.0026829704,100.0,0.0002948799999999,-0.0070401438162662,1,0.0003,5e-05
24576,12,261,0.0,-111.76458333333336,256.0,94,3.7246384620666504,0.2,-0.1672130091115832,1.3589859008789062e-05,0.03583984375,7.476596182584762,0.0018659608,110.0,0.000294368,-0.006473819387611,1,0.0003,5e-05
26624,13,260,0.0,-100.54000000000002,256.0,102,2.1916632652282715,0.2,-0.1531238991767168,4.112720489501953e-06,0.019580078125,5.713722437620163,0.0012871327,120.0,0.0002938559999999,-0.0040548819524701,1,0.0003,5e-05
28672,14,260,0.0,-85.68199999999997,256.0,110,1.7686471939086914,0.2,-0.1146897048689425,-0.0165313482284545,0.020458984375,4.332355058193206,0.0009758679,130.0,0.0002933439999999,-0.0052980761451181,1,0.0003,5e-05
30720,15,260,0.0,-71.702,256.0,118,1.1676470041275024,0.2,-0.0956032070331275,0.0044045448303222,0.01435546875,3.0271061450242995,0.0009577178,140.0,0.000292832,-0.0047090746287722,1,0.0003,5e-05
32768,16,260,0.0,-58.38799999999999,256.0,126,0.7830542325973511,0.2,-0.0668886809144169,-3.933906555175781e-06,0.009130859375,3.968624146282673,0.0013417131,150.0,0.00029232,-0.003832178749144,1,0.0003,5e-05
34816,17,259,0.0,-46.72999999999999,256.0,134,0.65003502368927,0.2,-0.0505806510802358,0.0006395578384399,0.005322265625,1.969761836528778,0.0005391587,160.0,0.0002918079999999,-0.0021195502224145,1,0.0003,5e-05
36864,18,259,0.0,-37.194,256.0,142,0.275589644908905,0.2,-0.0391085213981568,0.4422535896301269,0.00361328125,1.0303393363952638,0.0003828338,170.0,0.0002912959999999,-0.002228518895572,1,0.0003,5e-05
38912,19,259,0.0,-28.328000000000007,256.0,150,0.2837324738502502,0.2,-0.0236698285909369,-0.0065894126892089,0.0017578125,0.949002424813807,0.00018461852,180.0,0.000290784,-0.001608326670248,1,0.0003,5e-05
40960,20,259,0.0,-20.864,256.0,158,0.0913852080702781,0.2,-0.0182398611446842,0.264312207698822,0.00078125,0.4238599391188472,9.825922e-05,190.0,0.0002902719999999,-0.0004977384523954,1,0.0003,5e-05
43008,21,258,0.0,-14.578,256.0,166,0.7006494402885437,0.2,-0.0124492826056666,0.023817241191864,0.002392578125,0.824870528280735,0.0005055127,200.0,0.0002897599999999,-0.0014506249281112,1,0.0003,5e-05
45056,22,258,0.0,-10.663999999999998,256.0,174,0.2409260720014572,0.2,-0.0093052194104529,0.0598195791244506,0.0001953125,0.4222812907071784,2.8044102e-05,210.0,0.0002892479999999,-3.728533047251403e-05,1,0.0003,5e-05
47104,23,258,0.0,-7.384,256.0,182,0.008514242246747,0.2,-0.0068822675733827,0.6148025989532471,0.00029296875,0.0743766095256432,7.702873e-05,220.0,0.0002887359999999,-0.0004332334036007,1,0.0003,5e-05
49152,24,258,0.0,-5.813999999999998,256.0,190,0.0079089207574725,0.2,-0.0044743251288309,-0.0001219511032104,0.00107421875,0.1617119962815195,0.00016843999,230.0,0.0002882239999999,-0.0009593760129064,1,0.0003,5e-05
51200,25,258,0.0,-4.4879999999999995,256.0,198,0.0243831705302,0.2,-0.0036482568859355,0.040077805519104,0.0,0.1867418901529163,-2.7939677e-08,240.0,0.0002877119999999,-4.876637831330299e-08,1,0.0003,5e-05
53248,26,258,0.0,-3.6379999999999986,256.0,206,0.0033367280848324,0.2,-0.0041748709685634,0.0004308223724365,0.0,0.1381224702694453,-1.6501872e-08,250.0,0.0002871999999999,-3.98256815969944e-08,1,0.0003,5e-05
55296,27,258,0.0,-2.6159999999999997,256.0,214,0.1096911281347274,0.2,-0.0035495671269018,-0.0005037784576416,0.000341796875,0.2491578516317531,7.20456e-05,260.0,0.0002866879999999,-0.0002532858750782,1,0.0003,5e-05
57344,28,258,0.0,-1.952,256.0,222,0.0043097981251776,0.2,-0.002225219970569,0.3581806421279907,0.000732421875,0.053322793872212,0.0001640798,270.0,0.0002861759999999,-0.001056377540226,1,0.0003,5e-05
59392,29,258,0.0,-1.956,256.0,230,0.0031490868423134,0.2,-0.0019969673972809,0.5622766017913818,0.0,0.0836252614419208,-7.712515e-09,280.0,0.000285664,-2.0049919839948416e-06,1,0.0003,5e-05
61440,30,258,0.0,-2.052,256.0,238,0.0274888593703508,0.2,-0.0013393364599323,2.086162567138672e-05,0.000439453125,0.3340192026924342,3.965583e-05,290.0,0.0002851519999999,-0.0009645557787735,1,0.0003,5e-05
63488,31,257,0.0,-1.58,256.0,246,0.0997709482908248,0.2,-0.001126976616797,0.0260804295539855,0.000390625,0.2866410577669739,1.8191524e-05,300.0,0.0002846399999999,-0.0001900857081636,1,0.0003,5e-05
65536,32,257,0.0,-1.3880000000000003,256.0,254,0.0038056592456996,0.2,-0.0009198348445352,0.0041646361351013,0.000439453125,0.007713144160516,2.4234265e-05,310.0,0.000284128,-0.0009996557113481,1,0.0003,5e-05
67584,33,257,0.0,-1.5500000000000005,256.0,262,0.0005250840913504,0.2,-0.0009692828243714,0.7782414555549622,0.0,0.0299500812441692,0.0,320.0,0.0002836159999999,-3.60183184966445e-07,1,0.0003,5e-05
69632,34,257,0.0,-1.37,256.0,270,0.6306706070899963,0.2,-0.000870364356524,0.0398663878440856,0.0,0.4870726547262166,0.0,330.0,0.0002831039999999,-2.933666110038757e-09,1,0.0003,5e-05
71680,35,257,0.0,-1.2800000000000005,256.0,278,0.003540237667039,0.2,-0.0008717913893633,0.0001484751701354,0.0,0.037303414840062,0.0,340.0,0.0002825919999999,-4.365574568510055e-10,1,0.0003,5e-05
73728,36,257,0.0,-1.136,256.0,286,0.0005486311856657,0.2,-0.0008965314176748,0.9364994168281556,0.0,0.002261638598793,0.0,350.0,0.00028208,4.8038782551884655e-08,1,0.0003,5e-05
75776,37,257,0.0,-1.1240000000000003,256.0,294,0.0003637560002971,0.2,-0.0008996242366265,0.7041642665863037,0.0,0.0044617857667617,0.0,360.0,0.0002815679999999,-2.0745210349559786e-08,1,0.0003,5e-05
77824,38,257,0.0,-0.902,256.0,302,0.0002000487293116,0.2,-0.0009091413667192,0.4536090493202209,0.0,0.0240981345301406,0.0,370.0,0.0002810559999999,-4.08967025578022e-08,1,0.0003,5e-05
79872,39,257,0.0,-0.8460000000000002,256.0,310,0.0003522949700709,0.2,-0.0009183224683511,0.9236658215522766,0.0,0.0019112810172373,-1.8248102e-08,380.0,0.000280544,-8.594943210482598e-08,1,0.0003,5e-05
81920,40,257,0.0,-0.8980000000000001,256.0,318,0.0011717292945832,0.2,-0.0009496213009697,0.1847001910209655,0.0,0.1887254729314008,-5.9313606e-08,390.0,0.000280032,-4.626053851097822e-09,1,0.0003,5e-05
83968,41,256,0.0,-0.8100000000000002,256.0,326,0.0008473932975903,0.2,-0.000992394570494,0.2922479510307312,0.0,0.0767055454067303,0.0,400.0,0.0002795199999999,-2.6837806217372416e-07,1,0.0003,5e-05
86016,42,256,0.0,-0.642,256.0,335,0.2364423125982284,0.2,-0.0009560479651554,-0.0001674890518188,0.0,0.1342871811390068,-5.6112185e-08,410.0,0.0002790079999999,-9.278301149606703e-09,1,0.0003,5e-05
88064,43,256,0.0,-0.7460000000000001,256.0,343,0.0003557961026672,0.2,-0.0010020531582995,0.9483457803726196,0.0,0.0012888998463495,0.0,420.0,0.000278496,-5.932641215622426e-07,1,0.0003,5e-05
90112,44,256,0.0,-0.85,256.0,350,0.2596633732318878,0.2,-0.0005207028880249,0.1946883797645568,0.000390625,0.4257696032058448,0.0003469637,430.0,0.0002779839999999,-0.0009669208026025,1,0.0003,5e-05
92160,45,256,0.0,-0.718,256.0,358,0.1096610203385353,0.2,-0.0004149744429014,0.637596607208252,0.0,0.078379071571544,0.0,440.0,0.0002774719999999,3.0151568353176124e-08,1,0.0003,5e-05
94208,46,256,0.0,-0.5619999999999998,256.0,367,0.0002950459602288,0.2,-0.0004066662251716,0.1787447929382324,0.0,0.0004184306929403,0.0,450.0,0.00027696,-7.607741281390191e-09,1,0.0003,5e-05
96256,47,256,0.0,-0.57,256.0,374,0.0001667480682954,0.2,-0.0004195367404463,0.5151176452636719,0.0,0.0640712186483142,0.0,460.0,0.000276448,3.591412678360939e-09,1,0.0003,5e-05
98304,48,256,0.0,-0.7439999999999999,256.0,383,0.0038637656252831,0.2,-0.0004098057899682,0.0004947781562805,0.0,0.0030334670980892,0.0,470.0,0.0002759359999999,-4.454341251403094e-09,1,0.0003,5e-05
100352,49,256,0.0,-1.0019999999999998,256.0,391,0.1182181537151336,0.2,-0.0004213952757709,0.4218325018882751,0.0,0.0601674967340841,0.0,480.0,0.0002754239999999,-2.6909401640295983e-08,1,0.0003,5e-05
102400,50,256,0.0,-0.956,256.0,399,0.0009595293668098,0.2,-0.000418457181513,2.09808349609375e-05,0.0,0.373210289898816,0.0,490.0,0.000274912,5.948822945356369e-09,1,0.0003,5e-05
104448,51,256,0.0,-0.86,256.0,407,0.0007464661030098,0.2,-0.000425790720692,0.1603342890739441,0.0,0.2203989163434016,0.0,500.0,0.0002743999999999,-6.170012056827545e-09,1,0.0003,5e-05
106496,52,256,0.0,-0.9940000000000002,256.0,415,0.0007776611018925,0.2,-0.0004224344476824,-0.3919875621795654,0.0,0.004220103127534,0.0,510.0,0.0002738879999999,-8.661299943923951e-09,1,0.0003,5e-05
108544,53,256,0.0,-1.0219999999999998,256.0,423,0.0009002350852824,0.2,-0.0004267493768566,-0.0003057718276977,0.0,0.1051848479480611,0.0,520.0,0.000273376,-1.2322561815381051e-08,1,0.0003,5e-05
110592,54,256,0.0,-1.2579999999999998,256.0,431,7.744321192149073e-05,0.2,-0.0004300569038605,8.183717727661133e-05,0.0,0.0536169721739497,0.0,530.0,0.000272864,-2.7357600629329677e-10,1,0.0003,5e-05
112640,55,256,0.0,-1.168,256.0,439,0.3026046752929687,0.2,-0.0004332118147431,0.0298825502395629,0.0,0.2975058883333986,0.0,540.0,0.0002723519999999,9.057112038135528e-09,1,0.0003,5e-05
114688,56,256,0.0,-1.106,256.0,447,0.0017973838839679,0.2,-0.0004332766678999,-3.337860107421875e-06,0.0,0.0536397719191882,0.0,550.0,0.0002718399999999,-3.236345946788788e-09,1,0.0003,5e-05
116736,57,256,0.0,-1.086,256.0,455,0.0006535270949825,0.2,-0.0004423287955432,8.934736251831055e-05,0.0,0.1430625286982831,0.0,560.0,0.000271328,-1.080334186553955e-08,1,0.0003,5e-05
118784,58,256,0.0,-1.4280000000000002,256.0,463,0.1404363512992859,0.2,-0.0004524857879005,0.3377078771591186,0.0,0.1375319784598105,0.0,570.0,0.000270816,6.606569513678551e-09,1,0.0003,5e-05
120832,59,256,0.0,-1.74,256.0,470,0.432918906211853,0.2,-0.0004525284042756,0.0394338369369506,0.0,0.83526369316387,0.0,580.0,0.0002703039999999,1.0139774531126022e-08,1,0.0003,5e-05
122880,60,256,0.0,-1.7859999999999996,256.0,478,0.1610747128725052,0.2,-0.0004524376879999,0.0301731824874877,0.0,0.3052782183851377,0.0,590.0,0.0002697919999999,1.1711381375789642e-08,1,0.0003,5e-05
124928,61,256,0.0,-1.628,256.0,486,0.1376299709081649,0.2,-0.0004569759428704,-9.906291961669922e-05,0.0,0.1216100496870694,0.0,600.0,0.0002692799999999,-1.664739102125168e-09,1,0.0003,5e-05
126976,62,256,0.0,-1.6560000000000006,256.0,495,0.0006562054622918,0.2,-0.0004701210422354,0.5726032257080078,0.0,0.1592441267275717,0.0,610.0,0.0002687679999999,-5.646143108606338e-09,1,0.0003,5e-05
129024,63,256,0.0,-1.614,256.0,503,0.0021348386071622,0.2,-0.0004712405414466,0.8301893472671509,0.0,0.029132287678658,0.0,620.0,0.000268256,5.8498699218034744e-08,1,0.0003,5e-05
131072,64,256,0.0,-1.6240000000000006,256.0,511,0.0016673993086442,0.2,-0.0003402272559469,0.8976699113845825,0.000390625,0.0150895656872307,0.000100531324,630.0,0.0002677439999999,-0.0005548798013478,1,0.0003,5e-05
133120,65,256,0.0,-1.644,256.0,519,0.0003871020744554,0.2,-0.0002935371587227,0.5546813607215881,0.0,0.0534809621603926,0.0,640.0,0.0002672319999999,-3.248569555580616e-08,1,0.0003,5e-05
135168,66,256,0.0,-1.6720000000000002,256.0,527,0.1915223449468612,0.2,-0.000296187409549,0.2222476601600647,0.0,0.2855290230683749,0.0,650.0,0.0002667199999999,-2.3283064365386963e-09,1,0.0003,5e-05
137216,67,256,0.0,-1.6980000000000006,256.0,535,0.0002913002099376,0.2,-0.0002983172860695,0.0307902097702026,0.0,0.1030832103775537,0.0,660.0,0.000266208,-3.655441105365753e-09,1,0.0003,5e-05
139264,68,256,0.0,-1.6920000000000004,256.0,543,0.0926327481865882,0.2,-0.0003017803901457,0.4629958271980285,0.0,0.1670287485863809,0.0,670.0,0.0002656959999999,-5.5204145610332494e-08,1,0.0003,5e-05
141312,69,256,0.0,-1.5900000000000003,256.0,551,0.0003111368569079,0.2,-0.0003029000494279,0.7405074834823608,0.0,0.0324224605334165,0.0,680.0,0.0002651839999999,-1.9700382836163043e-08,1,0.0003,5e-05
143360,70,256,0.0,-1.4240000000000004,256.0,559,0.0043070865795016,0.2,-0.0003025216457899,0.8689538836479187,0.0,0.0046655686532176,0.0,690.0,0.000264672,4.9604568630456934e-08,1,0.0003,5e-05
145408,71,256,0.0,-1.2600000000000002,256.0,567,0.0005043512210249,0.2,-0.0003053717286093,0.2214086055755615,0.0,0.065931334637753,0.0,700.0,0.00026416,-9.482027962803841e-09,1,0.0003,5e-05
147456,72,256,0.0,-1.104,256.0,575,0.0048902896232903,0.2,-0.0003231542144931,0.7979790568351746,0.0,0.0660302668096846,0.0,710.0,0.0002636479999999,2.846354618668556e-09,1,0.0003,5e-05
149504,73,256,0.0,-1.0559999999999998,256.0,583,0.0922098010778427,0.2,-0.0003118340642686,0.2561227679252624,0.0,0.4978024414158426,0.0,720.0,0.0002631359999999,4.4959597289562224e-08,1,0.0003,5e-05
151552,74,256,0.0,-1.0619999999999998,256.0,591,0.1277414262294769,0.2,-0.0003128881213342,0.5516875982284546,0.0,0.0728210328448767,0.0,730.0,0.000262624,-2.4429755285382273e-08,1,0.0003,5e-05
153600,75,256,0.0,-1.2659999999999998,256.0,599,0.0045348606072366,0.2,-0.000313863980773,0.705686092376709,0.0,0.1033114721562014,0.0,740.0,0.0002621119999999,-3.4994445741176614e-08,1,0.0003,5e-05
155648,76,256,0.0,-1.212,256.0,607,0.1191000640392303,0.2,-0.0003158133196848,0.6945534348487854,0.0,0.060212316797515,0.0,750.0,0.0002615999999999,2.834713086485863e-09,1,0.0003,5e-05
157696,77,256,0.0,-1.2020000000000002,256.0,615,0.0002998668060172,0.2,-0.0003177061498718,1.9371509552001953e-05,0.0,0.0013178134856843,0.0,760.0,0.000261088,-2.9755756258964538e-08,1,0.0003,5e-05
159744,78,256,0.0,-0.986,256.0,623,0.0003022155433427,0.2,-0.0003206081240932,-0.000125765800476,0.0,0.0866640472034305,0.0,770.0,0.0002605759999999,-3.294553607702255e-09,1,0.0003,5e-05
161792,79,256,0.0,-0.984,256.0,631,0.002440427429974,0.2,-0.0003287684488896,0.7571223378181458,0.0,0.0340344162061228,0.0,780.0,0.0002600639999999,-1.8172431737184524e-08,1,0.0003,5e-05
163840,80,256,0.0,-0.8999999999999999,256.0,639,0.2059297710657119,0.2,-0.0003332132266223,0.3368652462959289,0.0,0.1464027786059887,0.0,790.0,0.0002595519999999,-4.1816383600234984e-08,1,0.0003,5e-05
165888,81,256,0.0,-0.978,256.0,647,0.000550651573576,0.2,-0.0003377827248186,0.131187617778778,0.0,0.0301988366296427,0.0,800.0,0.00025904,-7.043126970529555e-10,1,0.0003,5e-05
167936,82,256,0.0,-1.0620000000000005,256.0,655,0.0004911412252113,0.2,-0.0003446397007792,0.5887999534606934,0.0,0.0307730944197828,0.0,810.0,0.0002585279999999,2.3312168195843697e-08,1,0.0003,5e-05
169984,83,256,0.0,-1.136,256.0,663,0.0019695854280143,0.2,-0.0003464227484073,0.0790393352508544,0.0,0.1953895960134105,0.0,820.0,0.0002580159999999,-1.0279472917318344e-08,1,0.0003,5e-05
172032,84,256,0.0,-1.118,256.0,671,0.0448020361363887,0.2,-0.0003499030037346,0.1546469330787658,0.0,0.1391127733335452,0.0,830.0,0.000257504,2.2165477275848393e-08,1,0.0003,5e-05
174080,85,256,0.0,-1.0300000000000002,256.0,679,0.0732407793402671,0.2,-0.0003575680606445,0.0400193333625793,0.0,0.157463475089753,0.0,840.0,0.000256992,-8.591450750827789e-09,1,0.0003,5e-05
176128,86,256,0.0,-0.964,256.0,687,0.0079081039875745,0.2,-0.0003630620925832,0.0011038780212402,0.0,0.0372118624724407,0.0,850.0,0.0002564799999999,-1.4901161193847656e-08,1,0.0003,5e-05
178176,87,256,0.0,-0.9640000000000002,256.0,695,0.0050493879243731,0.2,-0.0003869807944283,0.595879077911377,0.0,0.0315989586670184,-4.627509e-09,860.0,0.0002559679999999,-8.288770914077759e-09,1,0.0003,5e-05
180224,88,256,0.0,-1.0419999999999998,256.0,703,0.0001625449513085,0.2,-0.0003836350511846,0.3415547013282776,0.0,0.0622936772043885,0.0,870.0,0.000255456,-3.1403033062815666e-08,1,0.0003,5e-05
182272,89,256,0.0,-1.086,256.0,711,0.0001493304880568,0.2,-0.0004105294927285,0.3179875016212463,0.0,0.0762267985886865,0.0,880.0,0.000254944,9.988434612751008e-09,1,0.0003,5e-05
184320,90,256,0.0,-1.164,256.0,719,0.0023377686738967,0.2,-0.0003925116732716,0.0630589127540588,0.0,0.0566898671440867,0.0,890.0,0.0002544319999999,-5.320180207490921e-09,1,0.0003,5e-05
186368,91,256,0.0,-1.35,256.0,727,0.159192219376564,0.2,-0.0004035660847875,0.0522805452346801,0.0,0.1271783915255582,-6.5774657e-09,900.0,0.00025392,-1.2747477740049362e-08,1,0.0003,5e-05
188416,92,256,0.0,-1.404,256.0,735,0.4002107083797455,0.2,-0.0004110546986339,0.0921310186386108,0.0,0.3480776934229652,0.0,910.0,0.000253408,5.774199962615967e-09,1,0.0003,5e-05
190464,93,256,0.0,-1.584,256.0,743,0.1000550538301467,0.2,-0.0004227698118484,0.0006506443023681,0.0,0.1223082989155955,0.0,920.0,0.0002528959999999,-6.187474355101585e-09,1,0.0003,5e-05
192512,94,256,0.0,-1.6100000000000003,256.0,751,0.1227789595723152,0.2,-0.0002472376465448,-0.0008326768875122,0.000390625,0.3527257700829068,0.00022981432,930.0,0.000252384,-0.0001248843502253,1,0.0003,5e-05
194560,95,256,0.0,-1.7620000000000005,256.0,759,0.0013534865574911,0.2,-0.0002046462375801,0.5681579113006592,0.0,0.0349430584563379,0.0,940.0,0.000251872,3.451714292168617e-09,1,0.0003,5e-05
196608,96,256,0.0,-1.9300000000000008,256.0,767,0.0011558590922504,0.2,-0.0002042837028056,0.0819209218025207,0.0,0.2851275397089921,0.0,950.0,0.0002513599999999,5.960464477539063e-09,1,0.0003,5e-05
198656,97,256,0.0,-1.7279999999999998,256.0,775,0.1551873236894607,0.2,-0.0002064554622847,0.1174777150154113,0.0,0.1797180064171698,0.0,960.0,0.0002508479999999,-2.1792948246002196e-08,1,0.0003,5e-05
200704,98,256,0.0,-1.634,256.0,783,0.0416596196591854,0.2,-0.0001316917192525,0.1096202135086059,0.000439453125,0.05420028763765,0.00012481707,970.0,0.000250336,-0.0006287828902713,1,0.0003,5e-05
202752,99,256,0.0,-1.7360000000000002,256.0,791,0.0021402144338935,0.2,-0.0001209235671922,0.6175262928009033,0.0,0.0114302596914058,0.0,980.0,0.0002498239999999,6.752088665962218e-10,1,0.0003,5e-05
204800,100,256,0.0,-1.896,256.0,799,0.2253621071577072,0.2,-0.0001191448731333,0.051195204257965,0.0,0.1438950911840947,0.0,990.0,0.0002493119999999,5.355104804039e-10,1,0.0003,5e-05
206848,101,256,0.0,-1.668,256.0,807,0.1186163797974586,0.2,-0.0001183908588245,0.0077201724052429,0.0,0.1344258772878674,0.0,1000.0,0.0002488,-1.3562384992837904e-09,1,0.0003,5e-05
208896,102,256,0.0,-1.59,256.0,815,0.0045432746410369,0.2,-0.0001191220771943,0.1777570247650146,0.0,0.0685939059301745,0.0,1010.0,0.0002482879999999,-1.245061866939068e-08,1,0.0003,5e-05
210944,103,256,0.0,-1.7020000000000002,256.0,823,0.2228446751832962,0.2,-0.0001196801924379,0.1204842329025268,0.0,0.1070989533933243,0.0,1020.0,0.0002477759999999,-3.8050347939133653e-08,1,0.0003,5e-05
212992,104,256,0.0,-1.348,256.0,831,0.000659778364934,0.2,-0.0001200002692712,0.0274847149848938,0.0,0.1801946289997431,0.0,1030.0,0.0002472639999999,-1.9615981727838518e-09,1,0.0003,5e-05
215040,105,256,0.0,-1.274,256.0,839,0.0180267449468374,0.2,-0.0001197681228404,-0.0007107257843017,0.0,0.009977854985334,0.0,1040.0,0.000246752,5.678157322108745e-09,1,0.0003,5e-05
217088,106,256,0.0,-0.978,256.0,847,0.0007469000993296,0.2,-0.000120864796554,0.2683151960372925,0.0,0.0308808286765724,0.0,1050.0,0.0002462399999999,-4.773028194904327e-09,1,0.0003,5e-05
219136,107,256,0.0,-0.7619999999999999,256.0,855,0.001839529024437,0.2,-0.0001214735843859,0.4875282645225525,0.0,0.0135054847141873,0.0,1060.0,0.0002457279999999,2.8550857678055763e-08,1,0.0003,5e-05
221184,108,256,0.0,-0.4860000000000001,256.0,863,0.0025446873623877,0.2,-0.0001224468449436,0.7459298372268677,0.0,0.0033467151188006,0.0,1070.0,0.000245216,-1.8044374883174894e-09,1,0.0003,5e-05
223232,109,256,0.0,-0.6800000000000002,256.0,871,0.1250800341367721,0.2,-0.0001225724290634,0.1941156387329101,0.0,0.032355715671747,0.0,1080.0,0.0002447039999999,-2.834713086485863e-09,1,0.0003,5e-05
225280,110,256,0.0,-0.954,256.0,879,0.0007197515806183,0.2,-0.0001230803060025,0.0364511013031005,0.0,0.1375974028989731,0.0,1090.0,0.0002441919999999,-1.967418938875198e-09,1,0.0003,5e-05
227328,111,256,0.0,-0.9740000000000002,256.0,887,0.105061374604702,0.2,-0.0001240468145624,0.0120158791542053,0.0,0.2132106842196663,0.0,1100.0,0.0002436799999999,-2.9103830456733704e-10,1,0.0003,5e-05
229376,112,256,0.0,-0.6279999999999998,256.0,895,0.0003871981170959,0.2,-0.0001247978965693,0.0637522935867309,0.0,0.1073423416757577,0.0,1110.0,0.0002431679999999,-2.3719621822237972e-08,1,0.0003,5e-05
231424,113,256,0.0,-0.858,256.0,903,0.0012644887901842,0.2,-0.0001246393536348,0.0369399785995483,0.0,0.0639598672388274,0.0,1120.0,0.0002426559999999,-5.587935447692871e-10,1,0.0003,5e-05
233472,114,256,0.0,-0.714,256.0,911,0.0724754780530929,0.2,-9.484030606472517e-05,0.039804995059967,0.000390625,0.2459190604218747,6.091589e-05,1130.0,0.0002421439999999,-0.0004767808364704,1,0.0003,5e-05
235520,115,256,0.0,-0.6599999999999998,256.0,919,0.0018874460365623,0.2,-8.940932839323068e-05,0.0356268882751464,0.0,0.0698423264997472,0.0,1140.0,0.0002416319999999,2.2933818399906158e-09,1,0.0003,5e-05
237568,116,255,0.0,-0.866,256.0,928,0.0014989039627835,0.2,-8.985520216810982e-05,0.7274892330169678,0.0,0.0022651800487892,0.0,1150.0,0.0002411199999999,4.531466402113437e-09,1,0.0003,5e-05
239616,117,255,0.0,-1.084,256.0,936,0.1111358851194381,0.2,-9.035291341206176e-05,0.0089363455772399,0.0,0.4790158756572055,0.0,1160.0,0.0002406079999999,-2.7765054255723955e-09,1,0.0003,5e-05
241664,118,255,0.0,-1.0379999999999998,256.0,944,0.0015186702366918,0.2,-9.28300501072954e-05,0.0601844787597656,0.0,0.2307234734485973,0.0,1170.0,0.0002400959999999,-1.1641532182693479e-10,1,0.0003,5e-05
243712,119,255,0.0,-1.206,256.0,952,0.002211459679529,0.2,-9.238258598998073e-05,0.2318677902221679,0.0,0.0555780585898901,0.0,1180.0,0.0002395839999999,1.5716068446636202e-09,1,0.0003,5e-05
245760,120,255,0.0,-1.364,256.0,960,0.1297116726636886,0.2,-9.155916213785532e-05,0.0577966570854187,0.0,0.0962785328203608,0.0,1190.0,0.0002390719999999,-3.981404006481171e-09,1,0.0003,5e-05
247808,121,255,0.0,-1.2220000000000002,256.0,968,0.3085427582263946,0.2,-9.224826062563808e-05,0.0016590356826782,0.0,0.2793103829681058,0.0,1200.0,0.0002385599999999,8.149072527885435e-11,1,0.0003,5e-05
249856,122,255,0.0,-1.1200000000000003,256.0,976,8.997906843433157e-05,0.2,-9.250337125195074e-05,0.5097435712814331,0.0,0.0009390383244181,0.0,1210.0,0.0002380479999999,2.4330802261829375e-09,1,0.0003,5e-05
251904,123,255,0.0,-1.4960000000000002,256.0,984,0.0009520942694507,0.2,-9.450040315641672e-05,0.0085939168930053,0.0,0.2248707305694552,0.0,1220.0,0.0002375359999999,1.699663698673248e-09,1,0.0003,5e-05
253952,124,255,0.0,-1.5240000000000002,256.0,992,0.7626182436943054,0.2,-9.69624688877957e-05,-0.0035027265548706,0.0,0.8475648753345013,0.0,1230.0,0.0002370239999999,1.2188684195280075e-08,1,0.0003,5e-05
256000,125,255,0.0,-1.5380000000000005,256.0,1000,0.1383258998394012,0.2,-9.376409152537236e-05,-0.0001071691513061,0.0,0.4442633312522958,0.0,1240.0,0.0002365119999999,-1.1757947504520416e-09,1,0.0003,5e-05
258048,126,255,0.0,-1.526,256.0,1008,0.0003059459559153,0.2,-9.50961300986819e-05,0.0944368839263916,0.0,0.0631947273481273,0.0,1250.0,0.0002359999999999,-1.6880221664905546e-09,1,0.0003,5e-05
260096,127,255,0.0,-1.55,256.0,1016,0.0003532773989718,0.2,-9.483847179581062e-05,5.364418029785156e-07,0.0,0.1081871695967493,0.0,1260.0,0.0002354879999999,-2.0896550267934803e-09,1,0.0003,5e-05
262144,128,255,0.0,-1.606,256.0,1024,0.0001054352469509,0.2,-9.640070811656189e-05,3.874301910400391e-06,0.0,0.0480106372171576,0.0,1270.0,0.0002349759999999,7.59027898311615e-09,1,0.0003,5e-05
264192,129,255,0.0,-1.3660000000000003,256.0,1032,0.0017155174864456,0.2,-9.628502093619316e-05,-2.0265579223632812e-05,0.0,0.0952918908174979,0.0,1280.0,0.0002344639999999,-2.828892320394516e-09,1,0.0003,5e-05
266240,130,255,0.0,-1.4880000000000002,256.0,1040,0.0009439432178623,0.2,-9.759245822351658e-05,5.042552947998047e-05,0.0,0.1091787992190802,0.0,1290.0,0.0002339519999999,-1.2922100722789762e-09,1,0.0003,5e-05
268288,131,255,0.0,-1.5780000000000003,256.0,1048,0.3286285400390625,0.2,-9.922756062223926e-05,0.000370442867279,0.0,0.2113598410338454,0.0,1300.0,0.0002334399999999,4.458706825971603e-09,1,0.0003,5e-05
270336,132,255,0.0,-1.4200000000000004,256.0,1056,0.4116539359092712,0.2,-0.0001004420585559,-0.0012726783752441,0.0,0.6397884403093486,0.0,1310.0,0.0002329279999999,-3.806781023740769e-09,1,0.0003,5e-05
272384,133,255,0.0,-1.406,256.0,1064,0.0004486271354835,0.2,-9.995043865274056e-05,6.031990051269531e-05,0.0,0.0012604819206899,0.0,1320.0,0.0002324159999999,-2.1187588572502135e-09,1,0.0003,5e-05
274432,134,255,0.0,-1.38,256.0,1072,9.251918527297676e-06,0.2,-0.0001009046845865,2.264976501464844e-06,0.0,0.0305559440033675,0.0,1330.0,0.0002319039999999,-1.3137469068169591e-08,1,0.0003,5e-05
276480,135,255,0.0,-1.2319999999999998,256.0,1080,0.4186475276947021,0.2,-0.0001014627292533,-3.7550926208496094e-05,0.0,0.1080031505912302,0.0,1340.0,0.0002313919999999,-1.0302755981683733e-08,1,0.0003,5e-05
278528,136,255,0.0,-1.084,256.0,1088,0.0010034753940999,0.2,-0.0001028478122861,0.0004637241363525,0.0,0.0309057335029137,0.0,1350.0,0.0002308799999999,-1.5523983165621757e-08,1,0.0003,5e-05
280576,137,255,0.0,-1.18,256.0,1096,0.2116322070360183,0.2,-0.0001039704643517,0.0020556449890136,0.0,0.1553167194233538,0.0,1360.0,0.0002303679999999,1.996522769331932e-09,1,0.0003,5e-05
282624,138,255,0.0,-1.0319999999999998,256.0,1104,0.000783065566793,0.2,-0.000105495135358,0.0007944107055664,0.0,0.3875219286022912,0.0,1370.0,0.000229856,5.104811862111092e-09,1,0.0003,5e-05
284672,139,255,0.0,-0.97,256.0,1112,0.0003875656984746,0.2,-0.000106468524882,-0.0001147985458374,0.0,0.0316104757169114,0.0,1380.0,0.0002293439999999,1.1466909199953081e-08,1,0.0003,5e-05
286720,140,255,0.0,-1.3160000000000005,256.0,1120,0.0017789886333048,0.2,-0.000108420505785,-0.0246810913085937,0.0,0.0027560304925145,0.0,1390.0,0.0002288319999999,3.358582034707069e-09,1,0.0003,5e-05
288768,141,255,0.0,-1.102,256.0,1128,0.3525850474834442,0.2,-0.0001097338629733,-0.0017155408859252,0.0,0.5199034976161784,0.0,1400.0,0.0002283199999999,4.470348358154297e-09,1,0.0003,5e-05
290816,142,255,0.0,-1.098,256.0,1136,0.0009718112414702,0.2,-0.0001107338877773,0.0004331469535827,0.0,0.0012845306097915,0.0,1410.0,0.0002278079999999,7.741618901491165e-09,1,0.0003,5e-05
292864,143,255,0.0,-1.1260000000000003,256.0,1144,0.1109254658222198,0.2,-0.0001127479231399,-0.000699758529663,0.0,0.2662743724824395,0.0,1420.0,0.0002272959999999,3.6437995731830598e-09,1,0.0003,5e-05
294912,144,255,0.0,-1.122,256.0,1152,0.000912147865165,0.2,-0.0001139039531153,7.450580596923828e-06,0.0,0.0632017288277893,0.0,1430.0,0.0002267839999999,-5.273614078760147e-09,1,0.0003,5e-05
296960,145,255,0.0,-1.094,256.0,1160,0.0006568289245478,0.2,-0.000115421287046,0.0014155507087707,0.0,0.0342790946673858,0.0,1440.0,0.0002262719999999,-1.6414560377597806e-09,1,0.0003,5e-05
299008,146,255,0.0,-1.0279999999999998,256.0,1168,0.0132946390658617,0.2,-0.0001177902494418,4.76837158203125e-07,0.0,0.0060872335163253,0.0,1450.0,0.0002257599999999,1.2980308383703232e-08,1,0.0003,5e-05
301056,147,255,0.0,-0.924,256.0,1176,0.0015289448201656,0.2,-0.0001228500784236,0.5171521306037903,0.0,0.0016528365329236,0.0,1460.0,0.0002252479999999,1.5832483768463132e-09,1,0.0003,5e-05
303104,148,255,0.0,-0.988,256.0,1184,0.1046935394406318,0.2,-0.0001251842735655,0.0221627950668334,0.0,0.0601531361058732,0.0,1470.0,0.0002247359999999,-1.769512891769409e-09,1,0.0003,5e-05
305152,149,255,0.0,-0.7639999999999999,256.0,1192,0.0008005208801478,0.2,-0.0001245908570126,-1.1920928955078125e-07,0.0,0.4224278243545996,0.0,1480.0,0.0002242239999999,1.4674151316285133e-08,1,0.0003,5e-05
307200,150,255,0.0,-0.916,256.0,1200,0.0934693068265914,0.2,-0.0001294998524826,-0.000192642211914,0.0,0.1704495207037325,0.0,1490.0,0.0002237119999999,7.39237293601036e-10,1,0.0003,5e-05
309248,151,255,0.0,-1.0099999999999998,256.0,1208,0.0002849679440259,0.2,-0.0001303354676565,7.152557373046875e-07,0.0,0.1512120457228661,0.0,1500.0,0.0002231999999999,8.533243089914322e-09,1,0.0003,5e-05
311296,152,255,0.0,-1.2380000000000002,256.0,1216,0.0004504436219576,0.2,-0.0001336238367002,0.0008245110511779,0.0,0.1051727477200984,0.0,1510.0,0.0002226879999999,2.2433232516050337e-08,1,0.0003,5e-05
313344,153,255,0.0,-1.344,256.0,1224,0.0865009874105453,0.2,-0.0001367502853099,9.5367431640625e-07,0.0,0.3809681824495783,0.0,1520.0,0.0002221759999999,5.308538675308228e-09,1,0.0003,5e-05
315392,154,255,0.0,-1.4380000000000002,256.0,1232,0.7898682951927185,0.2,-0.0001409895174219,0.0009090304374694,0.0,0.7484508624125737,0.0,1530.0,0.0002216639999999,4.761386662721634e-09,1,0.0003,5e-05
317440,155,255,0.0,-1.3200000000000005,256.0,1240,0.1881520748138427,0.2,-0.0001474684417189,0.0040059685707092,0.0,0.1665363469859585,0.0,1540.0,0.0002211519999999,4.778848960995674e-09,1,0.0003,5e-05
319488,156,255,0.0,-1.31,256.0,1248,0.0050903591327369,0.2,-0.000148286561307,0.0040581822395324,0.0,0.0445576002117377,0.0,1550.0,0.0002206399999999,-2.561137080192566e-09,1,0.0003,5e-05
321536,157,255,0.0,-1.3920000000000003,256.0,1256,0.0020993603393435,0.2,-0.0001534852943223,0.0216975808143615,0.0,0.059657720842955,0.0,1560.0,0.0002201279999999,5.6839780882000935e-09,1,0.0003,5e-05
323584,158,255,0.0,-1.3780000000000003,256.0,1264,0.0878546461462974,0.2,-0.0001591384861967,-0.0005388259887695,0.0,0.1447385000477197,0.0,1570.0,0.0002196159999999,1.5262048691511154e-08,1,0.0003,5e-05
325632,159,255,0.0,-1.5380000000000005,256.0,1272,0.0004755278641823,0.2,-0.0001641238435695,0.0754238367080688,0.0,0.0042343689963047,0.0,1580.0,0.0002191039999999,4.871981218457222e-09,1,0.0003,5e-05
327680,160,255,0.0,-1.548,256.0,1281,1.7230709791183472,0.2,-0.0001707343346424,-3.814697265625e-06,0.0,1.159696179140883,0.0,1590.0,0.0002185919999999,-6.909249350428581e-09,1,0.0003,5e-05
329728,161,255,0.0,-1.5860000000000003,256.0,1289,0.0001815769646782,0.2,-0.0001765282750056,0.000655710697174,0.0,0.0502461214146023,0.0,1600.0,0.0002180799999999,-1.8975697457790376e-09,1,0.0003,5e-05
331776,162,255,0.0,-1.8020000000000005,256.0,1297,0.0020424036774784,0.2,-0.0001079454675164,0.0003594756126403,0.000439453125,0.2860815451480448,0.00013043114,1610.0,0.0002175679999999,-0.0004721732228063,1,0.0003,5e-05
333824,163,255,0.0,-1.8619999999999997,256.0,1305,0.2423960566520691,0.2,-9.8148608867632e-05,-0.0001575946807861,0.0,0.3130119268069393,0.0,1620.0,0.0002170559999999,-1.862645149230957e-09,1,0.0003,5e-05
335872,164,255,0.0,-2.082,256.0,1313,0.3538030683994293,0.2,-0.0001010329898235,0.0218179821968078,0.0,0.5359734042314812,0.0,1630.0,0.0002165439999999,-3.9581209421157836e-10,1,0.0003,5e-05
337920,165,255,0.0,-1.9440000000000004,256.0,1321,0.071938656270504,0.2,-0.0001000450130959,0.0159521698951721,0.0,0.2647075838423916,0.0,1640.0,0.0002160319999999,5.553010851144791e-09,1,0.0003,5e-05
339968,166,255,0.0,-1.6540000000000004,256.0,1329,0.2514601349830627,0.2,-0.0001014860792565,0.4435964822769165,0.0,0.1059809923299326,0.0,1650.0,0.0002155199999999,6.0244929045438775e-09,1,0.0003,5e-05
342016,167,255,0.0,-1.768,256.0,1337,0.0888356417417526,0.2,-0.0001010760767712,0.2443194389343261,0.0,0.1468709936474624,0.0,1660.0,0.0002150079999999,-2.159504219889641e-09,1,0.0003,5e-05
344064,168,255,0.0,-1.9240000000000004,256.0,1345,0.0001194637079606,0.2,-0.0001019844277834,0.093900978565216,0.0,0.0532467208708112,0.0,1670.0,0.0002144959999999,-2.1653249859809875e-08,1,0.0003,5e-05
346112,169,255,0.0,-1.7619999999999998,256.0,1353,0.000553265272174,0.2,-0.0001030059022923,0.0783834457397461,0.0,0.1168198398700042,0.0,1680.0,0.000213984,1.32131390273571e-08,1,0.0003,5e-05
348160,170,255,0.0,-1.9540000000000004,256.0,1361,0.0265204925090074,0.2,-0.0001042776446411,0.4350893497467041,0.0,0.1197032524854876,0.0,1690.0,0.0002134719999999,-4.773028194904327e-10,1,0.0003,5e-05
350208,171,255,0.0,-2.116,256.0,1369,0.0041030701249837,0.2,-0.0001043377321366,-0.0004578828811645,0.0,0.209572228444631,0.0,1700.0,0.0002129599999999,-2.9511284083127973e-09,1,0.0003,5e-05
352256,172,255,0.0,-1.916,256.0,1377,0.4138977527618408,0.2,-0.0001059098713994,0.5238310098648071,0.0,0.2857525428007648,0.0,1710.0,0.0002124479999999,1.1292286217212674e-09,1,0.0003,5e-05
354304,173,255,0.0,-2.042,256.0,1385,0.0012853931402787,0.2,-0.0001058821114384,0.3541107177734375,0.0,0.1058095007414522,0.0,1720.0,0.0002119359999999,2.3690517991781232e-09,1,0.0003,5e-05
356352,174,255,0.0,-2.278,256.0,1393,0.0003370866179466,0.2,-0.0001057718620359,0.0006696581840515,0.0,0.1652703432308953,0.0,1730.0,0.000211424,1.469743438065052e-09,1,0.0003,5e-05
358400,175,255,0.0,-1.982,256.0,1401,1.0094560384750366,0.2,-0.0001077770865776,0.3444477915763855,0.0,0.8150060721382033,0.0,1740.0,0.0002109119999999,1.1001247912645341e-09,1,0.0003,5e-05
360448,176,255,0.0,-1.5740000000000005,256.0,1410,0.0033631059341132,0.2,-0.0001082513838809,0.95405375957489,0.0,0.0054415705406427,0.0,1750.0,0.0002103999999999,1.0069925338029862e-09,1,0.0003,5e-05
362496,177,255,0.0,-1.3640000000000003,256.0,1418,0.0016984986141324,0.2,-0.0001100926018807,0.9468140602111816,0.0,0.0060548915807885,0.0,1760.0,0.0002098879999999,-1.2383097782731057e-07,1,0.0003,5e-05
364544,178,255,0.0,-1.382,256.0,1426,0.0007448098622262,0.2,-0.0001106033360883,0.9489144682884216,0.0,0.0007296782381217,0.0,1770.0,0.0002093759999999,7.566995918750762e-10,1,0.0003,5e-05
366592,179,255,0.0,-1.134,256.0,1435,0.0010241976706311,0.2,-0.0001116953021664,0.6525384187698364,0.0,0.0723664827937682,0.0,1780.0,0.0002088639999999,1.868465915322304e-09,1,0.0003,5e-05
368640,180,255,0.0,-1.08,256.0,1443,0.0004946575500071,0.2,-0.0001139993893957,0.2901821136474609,0.0,0.0012956300028008,0.0,1790.0,0.0002083519999999,-1.4388933777809142e-08,1,0.0003,5e-05
370688,181,255,0.0,-0.926,256.0,1452,0.0012324729468673,0.2,-0.0001154361796579,0.7231565713882446,0.0,0.095710392735782,0.0,1800.0,0.0002078399999999,-4.48198989033699e-09,1,0.0003,5e-05
372736,182,255,0.0,-1.104,256.0,1460,0.0035744823981076,0.2,-0.0001164106831311,0.9416658878326416,0.0,0.002927760685543,0.0,1810.0,0.0002073279999999,3.7910649552941326e-08,1,0.0003,5e-05
374784,183,255,0.0,-1.092,256.0,1468,0.0026579496916383,0.2,-0.0001187978091365,0.3683237433433532,0.0,0.1068349763881997,0.0,1820.0,0.0002068159999999,-3.6548590287566184e-08,1,0.0003,5e-05
376832,184,255,0.0,-1.058,256.0,1476,0.2829289138317108,0.2,-0.0001204403538395,0.12542325258255,0.0,0.6436216040630824,0.0,1830.0,0.0002063039999999,2.793967723846435e-10,1,0.0003,5e-05
378880,185,255,0.0,-0.938,256.0,1485,0.0076744789257645,0.2,-0.0001224361449203,0.8793168067932129,0.0,0.0089981275837999,0.0,1840.0,0.0002057919999999,-5.7386932894587515e-08,1,0.0003,5e-05
380928,186,255,0.0,-0.7699999999999999,256.0,1493,0.0006248938152566,0.2,-0.0001232245546816,0.0004988312721252,0.0,0.030127305015678,0.0,1850.0,0.0002052799999999,1.5593832358717917e-08,1,0.0003,5e-05
382976,187,255,0.0,-0.6680000000000001,256.0,1501,0.0414679571986198,0.2,-0.0001319239810982,0.185944378376007,0.0,0.4109611323889112,0.0,1860.0,0.0002047679999999,-5.209585651755333e-09,1,0.0003,5e-05
385024,188,255,0.0,-0.966,256.0,1509,0.0002505416632629,0.2,-0.0001294089124712,0.8427726030349731,0.0,0.0103839284245623,0.0,1870.0,0.0002042559999999,8.553033694624901e-08,1,0.0003,5e-05
387072,189,254,0.0,-1.008,256.0,1518,0.1470042467117309,0.2,-0.0001328153219219,0.1361676454544067,0.0,0.2173721857543569,0.0,1880.0,0.0002037439999999,-5.924375727772712e-08,1,0.0003,5e-05
389120,190,254,0.0,-1.006,256.0,1526,0.001400455716066,0.2,-0.0001359998193947,0.0058290958404541,0.0,0.0797000216819469,0.0,1890.0,0.0002032319999999,1.1175870895385742e-08,1,0.0003,5e-05
391168,191,254,0.0,-1.14,256.0,1535,0.0003742791595868,0.2,-0.0001401229686962,0.3521363139152527,0.0,0.0560769455287299,0.0,1900.0,0.0002027199999999,2.2310996428132058e-08,1,0.0003,5e-05
393216,192,254,0.0,-1.2920000000000005,256.0,1543,0.0389677807688713,0.2,-0.0001447967124477,0.2229651808738708,0.0,0.1140202631591819,0.0,1910.0,0.0002022079999999,-1.8044374883174896e-08,1,0.0003,5e-05
395264,193,254,0.0,-1.288,256.0,1551,0.0004611018521245,0.2,-0.000148092861491,0.0855257511138916,0.0,0.0923288351458722,0.0,1920.0,0.0002016959999999,-3.424356691539287e-08,1,0.0003,5e-05
397312,194,254,0.0,-1.188,256.0,1560,0.0031232431065291,0.2,-0.0001538559003165,0.1613653302192688,0.0,0.0570458704416523,0.0,1930.0,0.0002011839999999,3.90165951102972e-08,1,0.0003,5e-05
399360,195,254,0.0,-1.134,256.0,1568,0.0278567057102918,0.2,-0.000159205415548,0.0137709379196167,0.0,0.229017898980237,0.0,1940.0,0.0002006719999999,1.1164229363203051e-08,1,0.0003,5e-05
401408,196,254,0.0,-1.222,256.0,1576,0.003696468193084,0.2,-0.0001663522145463,0.0288379788398742,0.0,0.2140564162400551,0.0,1950.0,0.0002001599999999,-6.752088665962218e-10,1,0.0003,5e-05
403456,197,254,0.0,-1.2920000000000005,256.0,1585,0.0570698902010917,0.2,-0.0001736781568979,0.0447868108749389,0.0,0.1474521247349912,0.0,1960.0,0.0001996479999999,-6.082700565457344e-09,1,0.0003,5e-05
405504,198,254,0.0,-1.426,256.0,1593,0.0014330350095406,0.2,-0.0001820461964598,0.053206980228424,0.0,0.100163810930826,0.0,1970.0,0.0001991359999999,2.5134067982435227e-08,1,0.0003,5e-05
407552,199,254,0.0,-1.46,256.0,1601,0.0020041880197823,0.2,-0.0001934120049554,0.0169094800949096,0.0,0.3382713087456068,0.0,1980.0,0.0001986239999999,-1.5035038813948632e-08,1,0.0003,5e-05
409600,200,254,0.0,-1.5520000000000005,256.0,1610,0.4559751749038696,0.2,-0.0002053253565463,0.0383099913597106,0.0,0.7068146096193232,0.0,1990.0,0.0001981119999999,1.030275598168373e-09,1,0.0003,5e-05
411648,201,254,0.0,-1.3760000000000003,256.0,1618,0.0011364106321707,0.2,-0.0002090695765218,0.5301579236984253,0.0,0.058093194185858,0.0,2000.0,0.0001975999999999,5.1542883738875396e-08,1,0.0003,5e-05
413696,202,254,0.0,-1.6700000000000004,256.0,1626,0.0015775681240484,0.2,-0.000217247373439,0.3274192214012146,0.0,0.0239184666761957,-1.2805685e-08,2010.0,0.0001970879999999,5.37489540874958e-08,1,0.0003,5e-05
415744,203,254,0.0,-1.8700000000000003,256.0,1634,0.0031663079280406,0.2,-0.0002309295337909,0.341920256614685,0.0,0.3441423072305042,0.0,2020.0,0.0001965759999999,-1.9051367416977883e-08,1,0.0003,5e-05
417792,204,254,0.0,-1.8760000000000003,256.0,1643,0.1140855923295021,0.2,-0.0002430714390357,0.3281375169754028,0.0,0.20563986444904,-7.1595423e-09,2030.0,0.0001960639999999,-9.813811630010605e-09,1,0.0003,5e-05
419840,205,254,0.0,-1.7900000000000005,256.0,1651,0.4590126574039459,0.2,-0.0002600791303848,0.3205722570419311,0.0,0.483784677227959,-5.2183168e-08,2040.0,0.000195552,-2.5471672415733342e-08,1,0.0003,5e-05
421888,206,254,0.0,-1.7380000000000002,256.0,1659,0.000745010562241,0.2,-0.0002788034951663,0.9448639750480652,0.0,0.0018553637525656,-2.2380846e-08,2050.0,0.0001950399999999,-9.819632396101953e-08,1,0.0003,5e-05
423936,207,254,0.0,-1.588,256.0,1668,0.000112001063826,0.2,-0.0003069615348067,0.9340370893478394,0.0,0.0016161533836566,0.0,2060.0,0.0001945279999999,-5.0989910960197445e-09,1,0.0003,5e-05
425984,208,254,0.0,-1.48,256.0,1676,0.0025646726135164,0.2,-0.0003424616745178,0.3727011680603027,0.0,0.0782854575028977,-1.1059456e-08,2070.0,0.0001940159999999,2.4482142180204393e-08,1,0.0003,5e-05
428032,209,254,0.0,-1.3820000000000006,256.0,1684,0.0018540486926212,0.2,-0.0003997522861027,0.2198498249053955,0.0,0.0778158841904769,-6.1409082e-09,2080.0,0.000193504,-1.6076955944299697e-08,1,0.0003,5e-05
430080,210,254,0.0,-1.3840000000000003,256.0,1692,0.0021909535862505,0.2,-0.0004667829820391,0.8832481503486633,0.0,0.0049249040874201,-2.9802322e-08,2090.0,0.0001929919999999,-6.222398951649666e-09,1,0.0003,5e-05
432128,211,254,0.0,-1.43,256.0,1700,0.0937611833214759,0.2,-0.0005725392868043,0.2931094765663147,0.0,0.0876912971798447,-1.3009412e-08,2100.0,0.0001924799999999,-1.0346411727368833e-07,1,0.0003,5e-05
434176,212,254,0.0,-1.154,256.0,1708,0.1185351535677909,0.2,-0.0004073458454513,0.0309581756591796,0.000439453125,0.6107128041796386,0.00011055934,2110.0,0.0001919679999999,-0.0006962219136767,1,0.0003,5e-05
436224,213,254,0.0,-1.3080000000000005,256.0,1717,0.0012897955020889,0.2,-0.000365614034672,0.0837532877922058,0.0,0.1642391273635439,0.0,2120.0,0.0001914559999999,-2.800370566546917e-08,1,0.0003,5e-05
438272,214,254,0.0,-1.3640000000000003,256.0,1725,0.0009141842019744,0.2,-0.0003707315903739,0.3118938207626343,0.0,0.2612933851298294,0.0,2130.0,0.000190944,-2.2002495825290683e-08,1,0.0003,5e-05
440320,215,253,0.0,-1.372,256.0,1733,0.0225012358278036,0.2,-0.000377184883473,0.0219691395759582,0.0,0.2118436436037882,0.0,2140.0,0.0001904319999999,-1.3504177331924436e-09,1,0.0003,5e-05
442368,216,253,0.0,-1.1740000000000002,256.0,1742,0.076140396296978,0.2,-0.0003853785143292,0.1706941127777099,0.0,0.4706608279957436,0.0,2150.0,0.0001899199999999,5.075708031654358e-09,1,0.0003,5e-05
444416,217,253,0.0,-0.99,256.0,1750,0.0001675474341027,0.2,-0.0003908004793629,0.35613614320755,0.0,0.0600058730893579,0.0,2160.0,0.0001894079999999,7.683411240577698e-09,1,0.0003,5e-05
446464,218,253,0.0,-0.9660000000000002,256.0,1758,0.0008951507043093,0.2,-0.0003988167511124,0.4529945850372314,0.0,0.0091132856429794,0.0,2170.0,0.0001888959999999,8.26548784971237e-10,1,0.0003,5e-05
448512,219,253,0.0,-1.0520000000000005,256.0,1767,0.0173782538622617,0.2,-0.0002921059844084,0.3122535943984985,0.000439453125,0.0148130024892452,6.881874e-05,2180.0,0.0001883839999999,-0.0005899861687794,1,0.0003,5e-05
450560,220,253,0.0,-1.132,256.0,1775,0.0001412144920323,0.2,-0.00027594678686,0.3280234932899475,0.0,0.0875568518878935,0.0,2190.0,0.0001878719999999,-5.069887265563011e-09,1,0.0003,5e-05
452608,221,253,0.0,-1.3060000000000005,256.0,1783,0.047603715211153,0.2,-0.0002810629230225,0.0505139827728271,0.0,0.1188357828290463,0.0,2200.0,0.0001873599999999,1.1047814041376116e-08,1,0.0003,5e-05
454656,222,253,0.0,-1.3660000000000003,256.0,1792,0.2770889401435852,0.2,-0.0002871970071282,0.0563240051269531,0.0,0.413101442221523,0.0,2210.0,0.0001868479999999,-3.690365701913833e-09,1,0.0003,5e-05
456704,223,253,0.0,-1.406,256.0,1800,0.0006054809200577,0.2,-0.0002912025778641,0.8459305763244629,0.0,0.0307421219189564,0.0,2220.0,0.0001863359999999,4.2299507185816774e-08,1,0.0003,5e-05
458752,224,253,0.0,-1.374,256.0,1808,0.1680424809455871,0.2,-0.0002978991098643,0.1747405529022216,0.0,0.6333489982411266,0.0,2230.0,0.0001858239999999,2.4796463549137112e-09,1,0.0003,5e-05
460800,225,253,0.0,-1.386,256.0,1817,0.0101932939141988,0.2,-0.0003040208095626,0.1865332126617431,0.0,0.0634169834393105,0.0,2240.0,0.0001853119999999,2.1781306713819503e-08,1,0.0003,5e-05
462848,226,253,0.0,-1.038,256.0,1825,0.003909443039447,0.2,-0.0003150577897031,0.1756767034530639,0.0,0.0502630508344736,-2.910383e-11,2250.0,0.0001847999999999,4.394678398966789e-09,1,0.0003,5e-05
464896,227,253,0.0,-1.122,256.0,1833,1.2377024177112617e-05,0.2,-0.0003267914693424,0.8959490060806274,0.0,0.0006385305542607,0.0,2260.0,0.0001842879999999,3.777677193284035e-09,1,0.0003,5e-05
466944,228,253,0.0,-1.142,256.0,1842,0.0015937602147459,0.2,-0.0003382354803761,0.2606521844863891,0.0,0.0317468741124685,-5.212496e-08,2270.0,0.0001837759999999,1.5489058569073682e-08,1,0.0003,5e-05
468992,229,253,0.0,-1.3600000000000003,256.0,1850,0.0006757816881872,0.2,-0.0003525092040945,0.0262146592140197,0.0,0.3757303705955565,-1.3620593e-08,2280.0,0.0001832639999999,-1.0558869689702988e-08,1,0.0003,5e-05
471040,230,253,0.0,-1.7180000000000004,256.0,1859,0.5008541941642761,0.2,-0.0003668926488899,0.2962843179702759,0.0,0.4167681889841333,-5.2445102e-08,2290.0,0.0001827519999999,-1.4028046280145644e-09,1,0.0003,5e-05
473088,231,253,0.0,-2.044,256.0,1867,0.0009185983217321,0.2,-0.0003892903478117,0.0075064301490783,0.0,0.6060021603836503,-5.9604645e-08,2300.0,0.0001822399999999,1.6152625903487206e-09,1,0.0003,5e-05
475136,232,253,0.0,-1.97,256.0,1875,0.0020615770481526,0.2,-0.0004084229640284,0.0046701431274414,0.0,0.3058026342980156,-1.6269041e-08,2310.0,0.0001817279999999,1.5716068446636202e-09,1,0.0003,5e-05
477184,233,253,0.0,-1.95,256.0,1884,0.0001774573465809,0.2,-0.0004379876463644,0.7587504982948303,0.0,0.032857222111852,-2.8521754e-09,2320.0,0.0001812159999999,-4.1804742068052295e-08,1,0.0003,5e-05
479232,234,253,0.0,-1.7920000000000005,256.0,1892,0.2478813678026199,0.2,-0.0004616423102561,0.0188554525375366,0.0,0.3388671038526809,-6.0827006e-09,2330.0,0.0001807039999999,-4.5052729547023785e-09,1,0.0003,5e-05
481280,235,253,0.0,-1.696,256.0,1900,0.0012631708523258,0.2,-0.0005058017115516,0.0622045397758483,0.0,0.0522836413952973,-1.9790605e-08,2340.0,0.0001801919999999,-2.8772046789526943e-08,1,0.0003,5e-05
483328,236,253,0.0,-1.6220000000000006,256.0,1908,0.0141747072339057,0.2,-0.0005700310226529,0.8958524465560913,0.0,0.0123181763847242,-2.9045623e-08,2350.0,0.00017968,-2.0120060071349146e-07,1,0.0003,5e-05
485376,237,253,0.0,-1.606,256.0,1917,0.2709504961967468,0.2,-0.00062968447819,0.0245767831802368,0.0,0.3669833846957772,-4.444155e-08,2360.0,0.0001791679999999,2.1624146029353145e-08,1,0.0003,5e-05
487424,238,253,0.0,-1.59,256.0,1925,0.4105940163135528,0.2,-0.0007257508921611,0.1780306696891784,0.0,0.4465427678020205,-2.0401785e-08,2370.0,0.0001786559999999,-1.0553048923611642e-08,1,0.0003,5e-05
489472,239,253,0.0,-1.8880000000000003,256.0,1933,0.0611500367522239,0.2,-0.0008035108199692,0.2998194694519043,0.0,0.0970195969621272,-2.2351742e-08,2380.0,0.0001781439999999,-3.469176590442657e-09,1,0.0003,5e-05
491520,240,253,0.0,-1.766,256.0,1942,0.3359729647636413,0.2,-0.0009416496679477,0.0436020493507385,0.0,1.030501694564009,-5.2241376e-08,2390.0,0.0001776319999999,1.618172973394394e-09,1,0.0003,5e-05
493568,241,253,0.0,-1.722,256.0,1950,0.0051275775767862,0.2,-0.0010521697018702,0.0812339782714843,0.0,0.1109159500017995,-2.2177119e-08,2400.0,0.0001771199999999,1.6432022675871853e-08,1,0.0003,5e-05
495616,242,253,0.0,-1.5099999999999998,256.0,1958,0.0031719948165118,0.2,-0.0014916450381861,0.8195475339889526,0.0,0.0325280516430211,-2.9773219e-08,2410.0,0.0001766079999999,-6.228219717741011e-10,1,0.0003,5e-05
497664,243,252,0.0,-1.106,256.0,1967,0.0161809660494327,0.2,-0.0011332108959322,0.1011623740196228,0.000390625,0.2642331644412479,0.00012302914,2420.0,0.0001760959999999,-0.00065731840441,1,0.0003,5e-05
499712,244,252,0.0,-1.04,256.0,1975,0.0001820614997996,0.2,-0.0009541179955704,0.7524524331092834,0.0,0.0022783450165661,-1.4901161e-08,2430.0,0.0001755839999999,-4.9435766413807866e-08,1,0.0003,5e-05
501760,245,252,0.0,-0.9380000000000002,256.0,1983,0.0002251782862003,0.2,-0.0009641048840421,0.9613226652145386,0.0,0.0026446608216247,0.0,2440.0,0.000175072,1.4720717445015908e-08,1,0.0003,5e-05
503808,246,252,0.0,-1.058,256.0,1992,0.1140781715512275,0.2,-0.0009718119828903,0.2499739527702331,0.0,0.0896458474113387,-1.8626451e-09,2450.0,0.0001745599999999,5.704350769519805e-10,1,0.0003,5e-05
505856,247,252,0.0,-1.2320000000000002,256.0,2000,0.1863857954740524,0.2,-0.000979036422359,0.2190308570861816,0.0,0.1741379993181908,0.0,2460.0,0.0001740479999999,-1.664739102125168e-09,1,0.0003,5e-05
507904,248,252,0.0,-1.24,256.0,2008,0.2014622390270233,0.2,-0.0009864743115031,0.6888608336448669,0.0,0.1214043140011199,0.0,2470.0,0.000173536,-6.117625162005424e-09,1,0.0003,5e-05
509952,249,252,0.0,-1.314,256.0,2017,0.0049345730803906,0.2,-0.0009962945667211,0.8174788951873779,0.0,0.0776926680249744,-5.9604645e-08,2480.0,0.0001730239999999,5.273614078760147e-09,1,0.0003,5e-05
512000,250,252,0.0,-1.088,256.0,2025,0.0002868366427719,0.2,-0.0010101590829435,0.5684391856193542,0.0,0.0424037371408303,0.0,2490.0,0.000172512,2.1653249859809873e-09,1,0.0003,5e-05
514048,251,252,0.0,-0.8719999999999999,256.0,2033,0.0061308750882744,0.2,-0.0010196812698268,0.9329464435577391,0.0,0.0084008598842956,0.0,2500.0,0.0001719999999999,3.5506673157215123e-09,1,0.0003,5e-05
516096,252,252,0.0,-1.264,256.0,2041,7.375061250058934e-05,0.2,-0.0010327766198315,0.75440514087677,0.0,0.0006546151358833,-5.9604645e-08,2510.0,0.000171488,-1.7165439203381537e-08,1,0.0003,5e-05
518144,253,252,0.0,-1.348,256.0,2049,0.4635543823242187,0.2,-0.0006793427695811,0.1513629555702209,0.000439453125,0.8403118682443165,7.7593926e-05,2520.0,0.0001709759999999,-0.0002263800241053,1,0.0003,5e-05
520192,254,252,0.0,-1.314,256.0,2058,0.0009133756975643,0.2,-0.0006174376372655,0.880174994468689,0.0,0.0776385316148662,0.0,2530.0,0.0001704639999999,7.072230800986291e-09,1,0.0003,5e-05
522240,255,252,0.0,-1.418,256.0,2066,0.0057826521806418,0.2,-0.0004557072126772,0.0268700718879699,0.000390625,0.0923845073455595,4.5581488e-05,2540.0,0.000169952,-0.0004221085575409,1,0.0003,5e-05
524288,256,252,0.0,-1.6680000000000006,256.0,2074,0.0783489346504211,0.2,-0.0004220074839395,0.02162367105484,0.0,0.1500058797813835,0.0,2550.0,0.0001694399999999,8.26548784971237e-10,1,0.0003,5e-05
526336,257,252,0.0,-1.8440000000000003,256.0,2083,0.0467919409275054,0.2,-0.0004232201175909,0.6597914099693298,0.0,0.2178643258172087,0.0,2560.0,0.000168928,-8.032657206058503e-10,1,0.0003,5e-05
528384,258,252,0.0,-2.128,256.0,2091,0.1206289678812027,0.2,-0.0004265724710421,0.631089448928833,0.0,0.2413417014817241,0.0,2570.0,0.0001684159999999,-5.064066499471664e-09,1,0.0003,5e-05
530432,259,252,0.0,-1.9540000000000004,256.0,2099,0.1258450001478195,0.2,-0.000424500826557,0.7142374515533447,0.0,0.355329382547643,0.0,2580.0,0.000167904,1.3853423297405243e-09,1,0.0003,5e-05
532480,260,252,0.0,-1.8000000000000005,256.0,2108,0.0160401444882154,0.2,-0.0004251775702869,0.9142895936965942,0.0,0.0401830679609702,0.0,2590.0,0.0001673919999999,8.256756700575351e-09,1,0.0003,5e-05
534528,261,252,0.0,-1.8080000000000005,256.0,2116,0.0004142141842748,0.2,-0.0004262926773662,0.047719120979309,0.0,0.0314355010844792,0.0,2600.0,0.00016688,3.864988684654236e-09,1,0.0003,5e-05
536576,262,252,0.0,-1.9000000000000004,256.0,2125,0.0012760144891217,0.2,-0.0004290086959372,0.7719698548316956,0.0,0.0790969310255604,0.0,2610.0,0.000166368,-5.820766091346741e-10,1,0.0003,5e-05
538624,263,252,0.0,-2.0660000000000003,256.0,2133,0.4387480914592743,0.2,-0.0004299656746297,0.4515264630317688,0.0,0.1730230542249046,0.0,2620.0,0.0001658559999999,9.796349331736564e-09,1,0.0003,5e-05
540672,264,252,0.0,-1.9040000000000004,256.0,2141,0.0016267350874841,0.2,-0.000434348359704,0.0130752921104431,0.0,0.0527201569907674,0.0,2630.0,0.000165344,-8.33126250654459e-08,1,0.0003,5e-05
542720,265,252,0.0,-1.7420000000000004,256.0,2149,0.0029633701778948,0.2,-0.0004334938137617,0.6887926459312439,0.0,0.0979783587972633,0.0,2640.0,0.0001648319999999,1.0186340659856794e-09,1,0.0003,5e-05
544768,266,252,0.0,-1.7420000000000004,256.0,2158,0.0036157516296952,0.2,-0.0004341724659752,0.1680102348327636,0.0,0.0475346273539798,0.0,2650.0,0.0001643199999999,2.8987415134906767e-09,1,0.0003,5e-05
546816,267,252,0.0,-1.5379999999999998,256.0,2166,0.0743227377533912,0.2,-0.0004370416172605,0.6303600072860718,0.0,0.0790910008392529,0.0,2660.0,0.0001638079999999,-8.49831849336624e-10,1,0.0003,5e-05
548864,268,252,0.0,-1.46,256.0,2174,0.0107120769098401,0.2,-0.0004382049311971,0.8022584915161133,0.0,0.0099342780595179,0.0,2670.0,0.0001632959999999,-1.8917489796876907e-10,1,0.0003,5e-05
550912,269,252,0.0,-1.3820000000000008,256.0,2182,0.2075301706790924,0.2,-0.0004390408143081,0.7329446077346802,0.0,0.1327289355103857,0.0,2680.0,0.0001627839999999,1.958687789738178e-09,1,0.0003,5e-05
552960,270,252,0.0,-1.2680000000000002,256.0,2191,0.0006283663678914,0.2,-0.0004412915161083,0.0212647914886474,0.0,0.0660608379573204,0.0,2690.0,0.0001622719999999,4.540197551250458e-09,1,0.0003,5e-05
555008,271,252,0.0,-1.3040000000000005,256.0,2199,0.116838164627552,0.2,-0.0004441777600732,0.0882407426834106,0.0,0.1219681277689915,0.0,2700.0,0.0001617599999999,-1.4854595065116882e-08,1,0.0003,5e-05
557056,272,252,0.0,-1.5700000000000005,256.0,2207,0.0010414011776447,0.2,-0.0004464751062187,0.8564951419830322,0.0,0.0337493882660055,0.0,2710.0,0.0001612479999999,3.845198079943657e-08,1,0.0003,5e-05
559104,273,252,0.0,-1.5660000000000005,256.0,2216,0.1365458071231842,0.2,-0.0004485211207793,0.1967484354972839,0.0,0.306771178497911,0.0,2720.0,0.0001607359999999,-2.0721927285194397e-08,1,0.0003,5e-05
561152,274,252,0.0,-1.5120000000000005,256.0,2224,0.0787690207362175,0.2,-0.0004502814608713,0.7950803637504578,0.0,0.135113381629344,0.0,2730.0,0.0001602239999999,1.7462298274040222e-10,1,0.0003,5e-05
563200,275,252,0.0,-1.7360000000000002,256.0,2232,0.0058930809609591,0.2,-0.0004512116647674,0.3477790951728821,0.0,0.1031098032002773,0.0,2740.0,0.0001597119999999,5.902256816625595e-09,1,0.0003,5e-05
565248,276,252,0.0,-1.7200000000000006,256.0,2241,0.2375959604978561,0.2,-0.0004678849978517,0.3122010231018066,0.0,0.5481214998573705,0.0,2750.0,0.0001591999999999,-9.173527359962465e-09,1,0.0003,5e-05
567296,277,252,0.0,-1.6439999999999997,256.0,2249,0.1895419508218765,0.2,-0.0004539615059911,0.7932072877883911,0.0,0.1641207229025894,0.0,2760.0,0.0001586879999999,-1.8277205526828763e-09,1,0.0003,5e-05
569344,278,252,0.0,-1.5020000000000004,256.0,2257,0.3180434107780456,0.2,-0.0004586258884955,0.5950188636779785,0.0,0.1946215530391782,-2.910383e-11,2770.0,0.0001581759999999,-2.9068905860185625e-08,1,0.0003,5e-05
571392,279,252,0.0,-1.5220000000000002,256.0,2266,0.0009199022315442,0.2,-0.000460279692561,0.0232531428337097,0.0,0.0315048818604736,-5.820766e-11,2780.0,0.000157664,-2.2840686142444613e-08,1,0.0003,5e-05
573440,280,252,0.0,-1.7960000000000005,256.0,2274,0.0003324159188196,0.2,-0.0004642679141397,0.8854889869689941,0.0,0.0248557452643581,0.0,2790.0,0.0001571519999999,-2.511660568416118e-09,1,0.0003,5e-05
575488,281,252,0.0,-1.7040000000000004,256.0,2282,0.1044887527823448,0.2,-0.0004663968957174,0.1523637771606445,0.0,0.4819569946732372,0.0,2800.0,0.00015664,7.532071322202683e-09,1,0.0003,5e-05
577536,282,252,0.0,-1.7080000000000004,256.0,2290,0.0410164035856723,0.2,-0.0004784645483596,0.3856133222579956,0.0,0.1089483791824022,-7.392373e-09,2810.0,0.0001561279999999,-4.8044603317976e-08,1,0.0003,5e-05
579584,283,252,0.0,-1.568,256.0,2299,0.986963987350464,0.2,-0.0004746532664285,0.292158305644989,0.0,0.5107878437804174,0.0,2820.0,0.0001556159999999,-3.540189936757088e-08,1,0.0003,5e-05
581632,284,252,0.0,-1.5400000000000005,256.0,2307,0.1420420110225677,0.2,-0.0004768986877024,0.0028128027915954,0.0,0.1655707706682733,0.0,2830.0,0.0001551039999999,-4.831235855817794e-10,1,0.0003,5e-05
583680,285,252,0.0,-1.5360000000000005,256.0,2315,0.0036013987846672,0.2,-0.000489073701101,0.0386862158775329,0.0,0.4430294089484959,-2.910383e-11,2840.0,0.0001545919999999,2.9976945370435715e-09,1,0.0003,5e-05
585728,286,252,0.0,-1.494,256.0,2323,0.1088351756334304,0.2,-0.0004882330151303,0.1581193804740905,0.0,0.1722190842287091,0.0,2850.0,0.00015408,1.8568243831396103e-08,1,0.0003,5e-05
587776,287,252,0.0,-1.6060000000000003,256.0,2332,0.0003319136158097,0.2,-0.0004940266175253,0.472668707370758,0.0,0.0701618777544354,0.0,2860.0,0.0001535679999999,-1.562293618917465e-08,1,0.0003,5e-05
589824,288,252,0.0,-1.4700000000000002,256.0,2340,0.0008637192077003,0.2,-0.0005058110640675,0.2103399634361267,0.0,0.2670144619769417,-7.4214768e-09,2870.0,0.000153056,-1.4019315131008625e-07,1,0.0003,5e-05
591872,289,251,0.0,-1.372,256.0,2348,0.0003548919630702,0.2,-0.0005113628285471,0.1832280755043029,0.0,0.2864084814664238,-2.910383e-11,2880.0,0.0001525439999999,-3.881519660353661e-07,1,0.0003,5e-05
593920,290,251,0.0,-1.4640000000000004,256.0,2357,0.0030988147482275,0.2,-0.0003915534929546,0.845926821231842,0.000244140625,0.083121368396678,8.6426066e-05,2890.0,0.000152032,-0.0001949733356013,1,0.0003,5e-05
595968,291,251,0.0,-1.6280000000000003,256.0,2365,0.0219457782804965,0.2,-0.0002972910693642,0.7223356366157532,0.0,0.0894321187181049,0.0,2900.0,0.0001515199999999,-2.692104317247867e-09,1,0.0003,5e-05
598016,292,251,0.0,-1.6120000000000003,256.0,2373,0.1880645751953125,0.2,-0.0003033897104614,0.3135372400283813,0.0,0.3597254047141177,0.0,2910.0,0.0001510079999999,-1.938315108418464e-09,1,0.0003,5e-05
600064,293,251,0.0,-1.3060000000000005,256.0,2381,0.0002757511974778,0.2,-0.0003081380706134,0.2117847800254821,0.0,0.0725019550920478,0.0,2920.0,0.000150496,-1.1059455573558807e-08,1,0.0003,5e-05
602112,294,251,0.0,-0.98,256.0,2390,8.283130591735244e-05,0.2,-0.0003154928304866,0.908151388168335,0.0,0.0007185843878687,-7.450581e-09,2930.0,0.0001499839999999,-1.9258586689829826e-07,1,0.0003,5e-05
604160,295,251,0.0,-1.15,256.0,2398,0.0015448705526068,0.2,-0.0003313328339572,0.7816879749298096,0.0,0.0017448650945652,-2.2293534e-08,2940.0,0.000149472,-2.6744091883301737e-07,1,0.0003,5e-05
606208,296,251,0.0,-1.14,256.0,2406,0.0006284301052801,0.2,-0.0003230262802389,0.0733817815780639,0.0,0.0638340776304176,-5.820766e-11,2950.0,0.0001489599999999,-1.593143679201603e-07,1,0.0003,5e-05
608256,297,251,0.0,-1.0440000000000005,256.0,2415,0.1186007037758827,0.2,-0.0003297336756077,0.4451907277107239,0.0,0.2992327348678373,-7.479684e-09,2960.0,0.000148448,-1.5902332961559295e-08,1,0.0003,5e-05
610304,298,251,0.0,-0.936,256.0,2423,0.1136554256081581,0.2,-0.0003280468718003,0.0740604996681213,0.0,0.1389197510377925,0.0,2970.0,0.000147936,-1.5366822481155396e-08,1,0.0003,5e-05
612352,299,251,0.0,-0.9940000000000004,256.0,2431,0.1406068503856659,0.2,-0.0003258364009525,0.4228091239929199,0.0,0.0401091655635355,0.0,2980.0,0.000147424,6.990740075707437e-08,1,0.0003,5e-05
614400,300,251,0.0,-0.904,256.0,2440,0.0013078816700726,0.2,-0.00033450580122,0.1888153553009033,0.0,0.4817500370714697,0.0,2990.0,0.000146912,-2.6705674827098847e-08,1,0.0003,5e-05
616448,301,251,0.0,-0.91,256.0,2448,0.0010024406947195,0.2,-0.0003379854897502,0.9126953482627868,0.0,0.0423696799072786,0.0,3000.0,0.0001464,-5.925539880990983e-08,1,0.0003,5e-05
618496,302,251,0.0,-1.2919999999999998,256.0,2456,0.003966542892158,0.2,-0.0003579530377464,0.9277751445770264,0.0,0.0186819097099942,-2.3574103e-09,3010.0,0.000145888,-3.8737198337912566e-08,1,0.0003,5e-05
620544,303,251,0.0,-1.2040000000000002,256.0,2464,0.5308069586753845,0.2,-0.0003544732382579,0.1049372553825378,0.0,0.2627923711652329,0.0,3020.0,0.0001453759999999,3.151362761855125e-08,1,0.0003,5e-05
622592,304,251,0.0,-1.322,256.0,2473,0.3077251315116882,0.2,-0.0003561995446943,0.4330528378486633,0.0,0.2064232104945404,-1.4726538e-08,3030.0,0.000144864,-5.5151758715510375e-08,1,0.0003,5e-05
624640,305,251,0.0,-1.3260000000000003,256.0,2481,0.105922169983387,0.2,-0.0003697948111948,0.2643857002258301,0.0,0.5343726823513861,0.0,3040.0,0.0001443519999999,-1.769512891769409e-09,1,0.0003,5e-05
626688,306,251,0.0,-1.4080000000000004,256.0,2489,9.542166662868112e-05,0.2,-0.0003771985491766,0.4510343670845032,0.0,0.0037651262939107,-4.831236e-09,3050.0,0.0001438399999999,-2.987682819366455e-07,1,0.0003,5e-05
628736,307,251,0.0,-1.632,256.0,2498,0.0799657180905342,0.2,-0.0003786007149756,0.0105763673782348,0.0,0.157731740395684,-7.566996e-09,3060.0,0.0001433279999999,9.743962436914444e-09,1,0.0003,5e-05
630784,308,251,0.0,-1.7200000000000002,256.0,2506,0.0027797948569059,0.2,-0.0003872436151141,0.7435349225997925,0.0,0.2160788192879408,0.0,3070.0,0.0001428159999999,-7.264316082000732e-09,1,0.0003,5e-05
632832,309,251,0.0,-1.7260000000000002,256.0,2514,0.2201195061206817,0.2,-0.0003739573061466,0.2716381549835205,0.0,0.163170829599403,0.0,3080.0,0.0001423039999999,-1.1490192264318468e-08,1,0.0003,5e-05
634880,310,251,0.0,-1.7920000000000005,256.0,2523,0.0001594448694959,0.2,-0.0003745473211893,0.3663106560707092,0.0,0.0810524243022882,0.0,3090.0,0.000141792,-7.171183824539185e-09,1,0.0003,5e-05
636928,311,251,0.0,-1.5539999999999998,256.0,2531,0.0024303370155394,0.2,-0.0003794352011027,0.9614970684051514,0.0,0.0100382166885538,-7.537892e-09,3100.0,0.0001412799999999,-1.7671845853328705e-07,1,0.0003,5e-05
638976,312,251,0.0,-1.6420000000000003,256.0,2539,0.0145701244473457,0.2,-0.0004276570518413,0.0270741581916809,0.0,0.0580927720015097,-7.566996e-09,3110.0,0.0001407679999999,-4.6083005145192156e-08,1,0.0003,5e-05
641024,313,251,0.0,-1.5760000000000003,256.0,2547,0.0015823865542188,0.2,-0.0003986989431723,0.2308416962623596,0.0,0.0562248367282109,0.0,3120.0,0.0001402559999999,4.330649971961975e-09,1,0.0003,5e-05
643072,314,251,0.0,-1.616,256.0,2556,4.549028381006792e-05,0.2,-0.0003996401101176,0.879249632358551,0.0,0.0028048957829241,-7.450581e-09,3130.0,0.0001397439999999,-7.908092811703681e-08,1,0.0003,5e-05
645120,315,251,0.0,-1.3600000000000003,256.0,2564,0.0062062223441898,0.2,-0.0004286457995476,0.0101837515830993,0.0,0.1583902079910331,-1.0244548e-08,3140.0,0.0001392319999999,1.825392246246338e-08,1,0.0003,5e-05
647168,316,251,0.0,-1.3780000000000003,256.0,2572,0.110689677298069,0.2,-0.0004444668265932,0.1894698143005371,0.0,0.2725659131898282,-2.2293534e-08,3150.0,0.0001387199999999,2.654851414263249e-08,1,0.0003,5e-05
649216,317,251,0.0,-1.3020000000000005,256.0,2581,0.0003726372960954,0.2,-0.0004769616200064,0.3736297488212585,0.0,0.0411921590057318,-2.3370376e-08,3160.0,0.000138208,-1.1041993275284766e-08,1,0.0003,5e-05
651264,318,251,0.0,-1.2960000000000005,256.0,2589,0.0009555306751281,0.2,-0.0004761898981087,0.5027463436126709,0.0,0.0168009548087866,-2.3515895e-08,3170.0,0.0001376959999999,-1.1837109923362733e-07,1,0.0003,5e-05
653312,319,251,0.0,-1.276,256.0,2597,0.0088537856936454,0.2,-0.0005121510577737,0.9088661670684814,0.0,0.0396531991576921,-2.089655e-08,3180.0,0.000137184,-2.6958296075463293e-07,1,0.0003,5e-05
655360,320,251,0.0,-1.286,256.0,2606,0.0598225183784961,0.2,-0.0005018710755393,0.847192645072937,0.0,0.0938716686912812,-1.3096724e-08,3190.0,0.0001366719999999,-9.853392839431762e-08,1,0.0003,5e-05
657408,321,251,0.0,-1.2820000000000005,256.0,2614,0.0012312894687056,0.2,-0.000538897421211,0.1968113780021667,0.0,0.3309066079447803,-3.6379788e-08,3200.0,0.0001361599999999,-3.4819822758436206e-08,1,0.0003,5e-05
659456,322,251,0.0,-1.3080000000000005,256.0,2622,0.0050142081454396,0.2,-0.0005310057007591,0.7197375297546387,0.0,0.1325624088640324,-2.2118911e-08,3210.0,0.0001356479999999,-1.1008232831954956e-07,1,0.0003,5e-05
661504,323,251,0.0,-1.558,256.0,2631,0.0008942700806073,0.2,-0.0005424994422355,0.7046322822570801,0.0,0.1074713662892463,-3.655441e-08,3220.0,0.0001351359999999,-6.811809726059437e-07,1,0.0003,5e-05
663552,324,251,0.0,-1.5179999999999998,256.0,2639,0.2109923958778381,0.2,-0.0006307858209765,0.0012609958648681,0.0,0.3516378746884584,-4.2287866e-08,3230.0,0.000134624,-3.485474735498428e-08,1,0.0003,5e-05
665600,325,251,0.0,-1.618,256.0,2647,0.01589210703969,0.2,-0.0007027338091575,0.0907359719276428,0.0,0.011211765464543,-1.0186341e-08,3240.0,0.0001341119999999,-1.807580702006817e-07,1,0.0003,5e-05
667648,326,251,0.0,-1.7380000000000004,256.0,2656,0.0011602947488427,0.2,-0.0005945505057752,0.1807068586349487,0.00029296875,0.3522001769611961,5.6263176e-05,3250.0,0.0001336,-6.846266333013774e-05,1,0.0003,5e-05
669696,327,251,0.0,-1.6620000000000004,256.0,2664,0.1090277507901191,0.2,-0.0005809807014884,0.6680760383605957,0.0,0.1140611304435879,-2.6600901e-08,3260.0,0.0001330879999999,-3.916735295206308e-07,1,0.0003,5e-05
671744,328,251,0.0,-1.2900000000000005,256.0,2672,0.0009465984185226,0.2,-0.0006266223615966,0.2921894192695617,0.0,0.1256985357809753,-2.697925e-08,3270.0,0.000132576,-5.416979547590017e-07,1,0.0003,5e-05
673792,329,251,0.0,-1.5020000000000002,256.0,2680,0.0001601197291165,0.2,-0.0006415628471586,0.256351888179779,0.0,0.0025366687540554,-1.5774276e-08,3280.0,0.000132064,-5.302543286234141e-07,1,0.0003,5e-05
675840,330,251,0.0,-1.5200000000000002,256.0,2689,0.0054719327017664,0.2,-0.0006743728154106,0.3863483071327209,0.0,0.1925745929420372,-1.7083948e-08,3290.0,0.000131552,-3.711611498147249e-07,1,0.0003,5e-05
677888,331,251,0.0,-1.4800000000000006,256.0,2697,0.0028071193955838,0.2,-0.0007719282002653,0.0028678774833679,0.0,0.2264257223148888,-3.9988663e-08,3300.0,0.00013104,-1.595006324350834e-07,1,0.0003,5e-05
679936,332,251,0.0,-1.4460000000000002,256.0,2705,0.0009992204140871,0.2,-0.00082833934066,0.3944897651672363,0.0,0.000527089966971,-4.595495e-08,3310.0,0.0001305279999999,-8.57166014611721e-08,1,0.0003,5e-05
681984,333,251,0.0,-1.1760000000000002,256.0,2713,0.001168502960354,0.2,-0.0008891792000213,0.7213635444641113,0.0,0.0433962834096746,-2.6921043e-08,3320.0,0.000130016,-3.373424988240004e-07,1,0.0003,5e-05
684032,334,251,0.0,-1.0360000000000005,256.0,2722,0.0961174964904785,0.2,-0.0008901884226361,0.1644676923751831,0.0,0.2337542444482096,-2.9336661e-08,3330.0,0.0001295039999999,-9.939831215888262e-08,1,0.0003,5e-05
686080,335,251,0.0,-1.11,256.0,2731,0.0043538128957152,0.2,-0.0007464061738573,-0.0012106895446777,0.000439453125,0.0090543824284395,8.1654376e-05,3340.0,0.000128992,-0.0009870484471321,1,0.0003,5e-05
688128,336,251,0.0,-0.908,256.0,2739,0.0690987706184387,0.2,-0.0006653862721577,0.0066912770271301,0.0,0.2497041187511058,-1.4551915e-10,3350.0,0.00012848,-1.496635377407074e-07,1,0.0003,5e-05
690176,337,251,0.0,-0.8160000000000001,256.0,2747,0.0001727211056277,0.2,-0.0006796607798605,0.7954360842704773,0.0,0.0019199532540369,-3.2567186e-08,3360.0,0.000127968,-3.128661774098873e-07,1,0.0003,5e-05
692224,338,251,0.0,-0.726,256.0,2756,0.008058363571763,0.2,-0.000734515851218,0.0491330027580261,0.0,0.0123613390251193,-4.7904905e-08,3370.0,0.000127456,-2.2142194211483e-08,1,0.0003,5e-05
694272,339,251,0.0,-0.6299999999999999,256.0,2764,0.0001089478391804,0.2,-0.0007284154758963,0.5742952823638916,0.0,0.1183343310778582,-2.7474016e-08,3380.0,0.000126944,-1.0121031664311883e-06,1,0.0003,5e-05
696320,340,251,0.0,-0.614,256.0,2772,0.0934156402945518,0.2,-0.0007428307311784,0.2712460160255432,0.0,0.1309059074126707,-4.650792e-08,3390.0,0.000126432,-3.3760443329811096e-08,1,0.0003,5e-05
698368,341,251,0.0,-0.4639999999999999,256.0,2780,0.0001508734276285,0.2,-0.000811790813168,0.185636281967163,0.0,0.0031890197849463,-2.7939677e-09,3400.0,0.00012592,-9.452924132347108e-08,1,0.0003,5e-05
700416,342,251,0.0,-0.7739999999999999,256.0,2789,-0.0021050823852419,0.2,-0.0005784318287624,0.3158806562423706,0.000439453125,0.0253926260455045,4.114231e-05,3410.0,0.000125408,-0.000676778104389,1,0.0003,5e-05
702464,343,251,0.0,-0.6780000000000002,256.0,2797,0.1738602072000503,0.2,-0.00053081252845,0.0089616775512695,0.0,0.2284628132998477,-5.820766e-11,3420.0,0.000124896,-8.51170625537634e-08,1,0.0003,5e-05
704512,344,251,0.0,-0.69,256.0,2805,0.0001031233550747,0.2,-0.0005670226302754,0.0857018828392028,0.0,0.0304552031305775,0.0,3430.0,0.0001243839999999,6.437767297029495e-09,1,0.0003,5e-05
706560,345,251,0.0,-0.604,256.0,2814,0.0009314662893302,0.2,-0.0005134483668371,0.9601888060569764,0.0,0.0042219455732265,0.0,3440.0,0.0001238719999999,-3.8471771404147146e-07,1,0.0003,5e-05
708608,346,251,0.0,-0.6940000000000001,256.0,2822,0.0015483676688745,0.2,-0.0005835151998326,0.0139772295951843,0.0,0.0458651349015497,0.0,3450.0,0.0001233599999999,-3.87546606361866e-08,1,0.0003,5e-05
710656,347,251,0.0,-0.894,256.0,2830,0.0871077701449394,0.2,-0.0005656198452925,0.3937584161758423,0.0,0.3796958909108071,-9.895302e-10,3460.0,0.0001228479999999,-1.5016412362456325e-07,1,0.0003,5e-05
712704,348,251,0.0,-1.052,256.0,2838,0.0777483358979225,0.2,-0.0005358909045753,0.5780602693557739,0.0,0.1736367533303564,0.0,3470.0,0.000122336,-5.60772605240345e-08,1,0.0003,5e-05
714752,349,251,0.0,-1.254,256.0,2847,0.0825828909873962,0.2,-0.0005496489138749,0.0326291918754577,0.0,0.299590212901785,0.0,3480.0,0.0001218239999999,-3.507011570036411e-08,1,0.0003,5e-05
716800,350,251,0.0,-1.406,256.0,2855,0.0014653077814728,0.2,-0.0005580108947469,0.1218129992485046,0.0,0.1390285590368876,-1.4551915e-10,3490.0,0.0001213119999999,-5.6537101045250897e-08,1,0.0003,5e-05
718848,351,251,0.0,-1.436,256.0,2863,0.0065797017887234,0.2,-0.0005618727896944,0.6430957317352295,0.0,0.197923419275321,-2.910383e-11,3500.0,0.0001207999999999,-4.500732757151127e-07,1,0.0003,5e-05
720896,352,251,0.0,-1.5380000000000005,256.0,2872,0.2568739652633667,0.2,-0.0005776152858743,0.4775543212890625,0.0,0.3678806018142495,-7.21775e-09,3510.0,0.0001202879999999,-1.585809513926506e-07,1,0.0003,5e-05
722944,353,250,0.0,-1.808,256.0,2880,0.0030467943288385,0.2,-0.0005703197814,0.784182608127594,0.0,0.107239817577647,-8.527422e-09,3520.0,0.0001197759999999,-1.7333077266812328e-07,1,0.0003,5e-05
724992,354,250,0.0,-1.8120000000000005,256.0,2888,0.0035954937338829,0.2,-0.0005954984604613,0.1652310490608215,0.0,0.9257019367301836,-2.910383e-11,3530.0,0.0001192639999999,-1.5995465219020846e-07,1,0.0003,5e-05
727040,355,250,0.0,-1.826,256.0,2896,0.005372897721827,0.2,-0.0005772218304628,0.8385574221611023,0.0,0.0693494907187414,-7.450581e-09,3540.0,0.0001187519999999,-3.868481144309044e-08,1,0.0003,5e-05
729088,356,250,0.0,-1.9020000000000004,256.0,2905,0.0906050577759742,0.2,-0.0005485283159941,0.2949490547180176,0.0,0.2649175574770197,-7.479684e-09,3550.0,0.0001182399999999,-2.3585744202136993e-08,1,0.0003,5e-05
731136,357,250,0.0,-1.908,256.0,2913,0.0067325057461857,0.2,-0.0004538666180451,0.4308189749717712,0.000439453125,0.0283930897712707,4.917386e-05,3560.0,0.000117728,-0.0007984952419064,1,0.0003,5e-05
733184,358,250,0.0,-1.9439999999999995,256.0,2921,0.004288310650736,0.2,-0.0003113026214123,0.7362064123153687,0.000390625,0.0565215627662837,5.462012e-05,3570.0,0.0001172159999999,-0.000538224162301,1,0.0003,5e-05
735232,359,250,0.0,-1.8500000000000003,256.0,2930,0.0007447629468515,0.2,-0.0002845970408088,0.8883516192436218,0.0,0.0035603569407612,0.0,3580.0,0.000116704,-6.130430847406389e-08,1,0.0003,5e-05
737280,360,250,0.0,-1.6020000000000003,256.0,2938,0.0965410247445106,0.2,-0.0002701143446756,0.2405279278755188,0.0,0.1503064901800826,0.0,3590.0,0.0001161919999999,-6.635673344135285e-10,1,0.0003,5e-05
739328,361,250,0.0,-1.5240000000000002,256.0,2946,0.0103526208549737,0.2,-0.0002792504143144,0.0867394208908081,0.0,0.0072864252582803,0.0,3600.0,0.0001156799999999,-1.0360963642597199e-09,1,0.0003,5e-05
741376,362,250,0.0,-1.4280000000000002,256.0,2955,0.1107946187257766,0.2,-0.0002681200247025,0.1616179347038269,0.0,0.1735463108259864,0.0,3610.0,0.0001151679999999,-6.6356733441352844e-09,1,0.0003,5e-05
743424,363,250,0.0,-1.198,256.0,2963,0.001274949288927,0.2,-0.0002740866468229,0.9319921731948853,0.0,0.0030456776230494,0.0,3620.0,0.0001146559999999,-5.529727786779404e-10,1,0.0003,5e-05
745472,364,250,0.0,-1.106,256.0,2971,0.1278434991836547,0.2,-0.0002788108602544,0.0735063552856445,0.0,0.1837168426023709,0.0,3630.0,0.000114144,6.984919309616089e-11,1,0.0003,5e-05
747520,365,250,0.0,-1.0239999999999998,256.0,2979,0.000708314415533,0.2,-0.000284665883737,0.7472039461135864,0.0,0.0009029365997207,0.0,3640.0,0.0001136319999999,-6.393238436430692e-08,1,0.0003,5e-05
749568,366,250,0.0,-0.596,256.0,2988,0.0030071430373936,0.2,-0.000281731456198,0.0512415766716003,0.0,0.0561127150293941,0.0,3650.0,0.00011312,-2.502929419279098e-09,1,0.0003,5e-05
751616,367,250,0.0,-0.5339999999999999,256.0,2996,0.0002337250916752,0.2,-0.000278049998451,0.937539041042328,0.0,0.0047567150148097,0.0,3660.0,0.0001126079999999,-4.656612873077393e-11,1,0.0003,5e-05
753664,368,250,0.0,-0.444,256.0,3004,0.1247950047254562,0.2,-0.0002734478639467,0.8238350749015808,0.0,0.03305289015384,0.0,3670.0,0.000112096,5.005858838558197e-10,1,0.0003,5e-05
755712,369,250,0.0,-0.502,256.0,3013,0.0069526536390185,0.2,-0.0002834854829416,0.7172163724899292,0.0,0.009938368215262,0.0,3680.0,0.000111584,-4.48198989033699e-10,1,0.0003,5e-05
757760,370,250,0.0,-0.7260000000000001,256.0,3021,0.0165491793304681,0.2,-0.0002779601982183,0.347795307636261,0.0,0.2363151213314268,0.0,3690.0,0.0001110719999999,-7.610651664435863e-08,1,0.0003,5e-05
759808,371,250,0.0,-0.5619999999999999,256.0,3029,0.0010910967830568,0.2,-0.0002767491892882,0.0326054096221923,0.0,0.536254382513107,-2.910383e-11,3700.0,0.00011056,2.5611370801925656e-10,1,0.0003,5e-05
761856,372,250,0.0,-0.5020000000000001,256.0,3038,0.0001580866373842,0.2,-0.0002928013389464,0.1681574583053589,0.0,0.0025037275037334,0.0,3710.0,0.0001100479999999,1.2556847650557756e-08,1,0.0003,5e-05
763904,373,250,0.0,-0.418,256.0,3046,0.0006928457296453,0.2,-0.0002825361174473,0.2270784378051757,0.0,0.0034619949376065,0.0,3720.0,0.000109536,-1.635635271668434e-09,1,0.0003,5e-05
765952,374,250,0.0,-0.578,256.0,3054,0.0011534196091815,0.2,-0.0002650443984748,0.6823058724403381,0.0,0.0035496013771989,-7.4214768e-09,3730.0,0.0001090239999999,-3.3568358048796656e-08,1,0.0003,5e-05
768000,375,250,0.0,-0.812,256.0,3063,0.1167861744761467,0.2,-0.0002804707812174,0.1006789803504943,0.0,0.1394778058453084,0.0,3740.0,0.000108512,-8.281203918159008e-08,1,0.0003,5e-05
770048,376,250,0.0,-0.7839999999999999,256.0,3071,0.4285436272621155,0.2,-0.0002880096624721,0.0215873122215271,0.0,0.2567217077878013,0.0,3750.0,0.000108,2.933666110038757e-09,1,0.0003,5e-05
772096,377,250,0.0,-0.8,256.0,3079,0.0016617473447695,0.2,-0.0002898045036999,0.6719821691513062,0.0,0.0314374897400739,0.0,3760.0,0.000107488,-5.413312464952468e-10,1,0.0003,5e-05
774144,378,250,0.0,-0.7160000000000001,256.0,3088,0.0014535568188875,0.2,-0.0002878590501495,0.7250728607177734,0.0,0.0007021126972233,0.0,3770.0,0.0001069759999999,-5.1362439990043645e-08,1,0.0003,5e-05
776192,379,250,0.0,-0.6940000000000002,256.0,3096,1.2618711480172353e-05,0.2,-0.0002919659284088,0.3738018870353699,0.0,0.002644093898948,0.0,3780.0,0.0001064639999999,-4.9476511776447304e-09,1,0.0003,5e-05
778240,380,250,0.0,-0.6999999999999998,256.0,3104,0.096803493797779,0.2,-0.0002929976148152,0.0217679142951965,0.0,0.0633766055196019,0.0,3790.0,0.0001059519999999,-1.1059455573558807e-09,1,0.0003,5e-05
780288,381,250,0.0,-0.9,256.0,3113,0.0005880713579244,0.2,-0.0003031460615602,0.3997552990913391,0.0,0.0019227483191798,0.0,3800.0,0.0001054399999999,-2.9918737709522246e-09,1,0.0003,5e-05
782336,382,250,0.0,-0.5879999999999997,256.0,3121,0.1169189885258674,0.2,-0.0002989781281939,0.1078618168830871,0.0,0.1410167265609743,0.0,3810.0,0.000104928,-7.043126970529555e-10,1,0.0003,5e-05
784384,383,250,0.0,-0.4220000000000001,256.0,3129,0.0001546900894027,0.2,-0.0002985565148264,0.6725419759750366,0.0,0.000418396632692,0.0,3820.0,0.0001044159999999,-1.0852236300706865e-07,1,0.0003,5e-05
786432,384,250,0.0,-0.5159999999999999,256.0,3137,0.0004198865208309,0.2,-0.0003020917385583,0.0910320281982421,0.0,0.003691153858972,0.0,3830.0,0.000103904,-4.633911885321141e-08,1,0.0003,5e-05
788480,385,250,0.0,-0.7619999999999999,256.0,3145,0.2287077009677887,0.2,-0.00029154959484,0.004590630531311,0.0,0.2218265888746828,0.0,3840.0,0.0001033919999999,5.034962669014931e-10,1,0.0003,5e-05
790528,386,250,0.0,-0.58,256.0,3154,0.0026917466893792,0.2,-0.0003044577355467,-0.0036898851394653,0.0,0.3204379336399142,0.0,3850.0,0.00010288,-5.151377990841864e-10,1,0.0003,5e-05
792576,387,250,0.0,-0.73,256.0,3162,0.0066758790053427,0.2,-0.0003101328624325,0.4345074295997619,0.0,0.0081855719708983,0.0,3860.0,0.0001023679999999,-7.014023140072822e-09,1,0.0003,5e-05
794624,388,250,0.0,-0.8080000000000002,256.0,3170,0.2674194872379303,0.2,-0.0002929391550424,0.0516622066497802,0.0,0.295931719733926,0.0,3870.0,0.000101856,-1.2718373909592628e-08,1,0.0003,5e-05
796672,389,250,0.0,-0.8599999999999999,256.0,3179,0.1517438888549804,0.2,-0.0003053123775316,0.0227487683296203,0.0,0.2071336485474603,0.0,3880.0,0.0001013439999999,-1.1932570487260818e-08,1,0.0003,5e-05
798720,390,250,0.0,-0.846,256.0,3187,0.0024820817634463,0.2,-0.0003084343697992,0.0251910090446472,0.0,0.1217235399322817,-7.4214768e-09,3890.0,0.0001008319999999,-1.6047852113842964e-08,1,0.0003,5e-05
800768,391,250,0.0,-0.98,256.0,3195,0.0037267215084284,0.2,-0.0003135751387162,0.1545003652572631,0.0,0.0046888612585917,0.0,3900.0,0.0001003199999999,-1.1146767064929008e-09,1,0.0003,5e-05
802816,392,250,0.0,-0.9280000000000002,256.0,3204,0.0014121305430307,0.2,-0.0003184384604537,0.0142920017242431,0.0,0.1130613997662294,0.0,3910.0,9.980799999999998e-05,1.4435499906539917e-08,1,0.0003,5e-05
804864,393,250,0.0,-0.8379999999999999,256.0,3212,0.0002849651500582,0.2,-0.0003236000738979,0.7288538813591003,0.0,0.0011057607953262,0.0,3920.0,9.9296e-05,1.164153218269348e-09,1,0.0003,5e-05
806912,394,250,0.0,-1.04,256.0,3220,0.0003489591181278,0.2,-0.0003128941883915,-0.0015792846679687,0.0,0.0839929520214354,0.0,3930.0,9.878399999999998e-05,-4.627509042620659e-09,1,0.0003,5e-05
808960,395,250,0.0,-1.192,256.0,3229,0.1885367929935455,0.2,-0.0003143215642921,0.0506167411804199,0.0,0.1939785721511725,0.0,3940.0,9.8272e-05,-2.7939677238464355e-09,1,0.0003,5e-05
811008,396,250,0.0,-1.2719999999999998,256.0,3237,0.4349855482578277,0.2,-0.0003198435046215,0.0115048289299011,0.0,0.1688061894790735,-1.19325705e-08,3950.0,9.776e-05,-8.46455805003643e-08,1,0.0003,5e-05
813056,397,250,0.0,-1.224,256.0,3246,0.0017102847341448,0.2,-0.0003171476633724,-0.0254117250442504,0.0,0.04134024008722,0.0,3960.0,9.7248e-05,5.762558430433274e-10,1,0.0003,5e-05
815104,398,250,0.0,-1.242,256.0,3254,0.0990641042590141,0.2,-0.0003215275544789,0.011246383190155,0.0,0.148698029969455,0.0,3970.0,9.6736e-05,5.4598785936832435e-09,1,0.0003,5e-05
817152,399,250,0.0,-1.058,256.0,3263,0.1000144556164741,0.2,-0.000320350320544,0.2749435305595398,0.0,0.3826858083273691,0.0,3980.0,9.622399999999998e-05,1.0042567737400533e-07,1,0.0003,5e-05
819200,400,250,0.0,-0.9159999999999998,256.0,3271,0.1081425473093986,0.2,-0.0003283334492152,0.0343617796897888,0.0,0.0382424820414598,0.0,3990.0,9.5712e-05,-3.3510150387883196e-08,1,0.0003,5e-05
821248,401,250,0.0,-0.8,256.0,3280,0.0058043301105499,0.2,-0.0003268647720688,0.879589319229126,0.0,0.0126665402291109,-7.450581e-09,4000.0,9.519999999999998e-05,-3.964523784816265e-08,1,0.0003,5e-05
823296,402,250,0.0,-0.8800000000000001,256.0,3289,0.0004357223806437,0.2,-0.0003331839234306,0.4467055201530456,0.0,0.1355487291362806,0.0,4010.0,9.4688e-05,-1.3611861504614353e-07,1,0.0003,5e-05
825344,403,250,0.0,-0.912,256.0,3298,0.505222737789154,0.2,-0.0003264392758865,0.0742018818855285,0.0,0.4147048452716262,0.0,4020.0,9.4176e-05,1.6880221664905546e-09,1,0.0003,5e-05
827392,404,250,0.0,-0.984,256.0,3307,0.0081960828974843,0.2,-0.0003362430223205,0.0144368410110473,0.0,0.0450910072770057,-2.910383e-11,4030.0,9.3664e-05,-8.789356797933577e-10,1,0.0003,5e-05
829440,405,250,0.0,-1.038,256.0,3315,0.1725950539112091,0.2,-0.0003393826104002,0.004660427570343,0.0,0.0942142607521418,0.0,4040.0,9.3152e-05,-2.3620668798685078e-08,1,0.0003,5e-05
831488,406,250,0.0,-1.012,256.0,3325,0.0008257359731942,0.2,-0.0003551288336893,0.0502801537513732,0.0,0.0425971967723853,0.0,4050.0,9.264e-05,-6.836489774286747e-08,1,0.0003,5e-05
833536,407,250,0.0,-1.204,256.0,3333,0.0062993974424898,0.2,-0.0003557347659807,0.0283038616180419,0.0,0.0715976990228227,0.0,4060.0,9.2128e-05,-7.799826562404633e-10,1,0.0003,5e-05
835584,408,249,0.0,-1.108,256.0,3342,0.2357023507356643,0.2,-0.0003652843719464,-0.0002956390380859,0.0,0.3806067287565383,0.0,4070.0,9.161599999999998e-05,-2.956949174404144e-09,1,0.0003,5e-05
837632,409,249,0.0,-1.24,256.0,3351,0.1058234646916389,0.2,-0.0003462694523477,0.0930569171905517,0.0,0.2353186554913918,0.0,4080.0,9.1104e-05,1.1175870895385742e-09,1,0.0003,5e-05
839680,410,249,0.0,-1.0639999999999998,256.0,3360,0.5317414999008179,0.2,-0.000366929492884,0.003897488117218,0.0,0.5651297847885871,0.0,4090.0,9.0592e-05,3.5739503800868983e-09,1,0.0003,5e-05
841728,411,249,0.0,-1.0279999999999998,256.0,3368,0.0042732525616884,0.2,-0.0003634996945038,0.0009040832519531,0.0,0.0579020840302519,0.0,4100.0,9.008e-05,-8.405186235904694e-09,1,0.0003,5e-05
843776,412,249,0.0,-1.232,256.0,3377,0.0084401676431298,0.2,-0.0003793629111896,0.0771265625953674,0.0,0.009178043110478,0.0,4110.0,8.9568e-05,-3.498862497508526e-08,1,0.0003,5e-05
845824,413,249,0.0,-1.376,256.0,3385,0.0007949328282848,0.2,-0.0003692527912789,0.0089967846870422,0.0,0.1852867072657318,0.0,4120.0,8.905600000000001e-05,-8.872593753039838e-08,1,0.0003,5e-05
847872,414,249,0.0,-1.6820000000000004,256.0,3394,0.0992165431380271,0.2,-0.0003073525742365,0.0791912674903869,0.000341796875,0.225604220545938,5.4347038e-05,4130.0,8.8544e-05,-0.0004115975287277,1,0.0003,5e-05
849920,415,249,0.0,-1.734,256.0,3402,0.1078474670648574,0.2,-0.0002777862420771,4.112720489501953e-06,0.0,0.2394563826033845,0.0,4140.0,8.803200000000001e-05,-2.1071173250675203e-09,1,0.0003,5e-05
851968,416,249,0.0,-1.8160000000000005,256.0,3410,0.0026117414236068,0.2,-0.0002794701977109,0.0898794531822204,0.0,0.1807061520150455,0.0,4150.0,8.752e-05,1.6763806343078612e-09,1,0.0003,5e-05
854016,417,249,0.0,-2.1300000000000003,256.0,3419,0.2426653504371643,0.2,-0.0002772371051833,0.0179391503334045,0.0,0.5267535361621413,0.0,4160.0,8.700800000000002e-05,-3.332097548991442e-08,1,0.0003,5e-05
856064,418,249,0.0,-2.0700000000000007,256.0,3427,0.5441528558731079,0.2,-0.0002895498790167,0.0267742276191711,0.0,0.5512592376995599,0.0,4170.0,8.649599999999999e-05,-1.3300450518727304e-08,1,0.0003,5e-05
858112,419,249,0.0,-1.904,256.0,3435,0.0931633785367012,0.2,-0.0002831984795193,0.5659252405166626,0.0,0.0273508551868872,0.0,4180.0,8.598399999999998e-05,-2.2526364773511892e-09,1,0.0003,5e-05
860160,420,249,0.0,-1.898,256.0,3444,0.4751019179821014,0.2,-0.000289048975901,0.067439317703247,0.0,0.5152411786839366,0.0,4190.0,8.5472e-05,-1.327134668827057e-09,1,0.0003,5e-05
862208,421,249,0.0,-1.5400000000000005,256.0,3452,3.201680738129653e-05,0.2,-0.0002934695789008,0.847066342830658,0.0,0.0034237774013945,0.0,4200.0,8.495999999999999e-05,1.47323589771986e-08,1,0.0003,5e-05
864256,422,249,0.0,-1.7220000000000004,256.0,3460,8.812348823994398e-05,0.2,-0.0002838018281181,0.6840266585350037,0.0,0.0004456424674117,0.0,4210.0,8.4448e-05,-4.694447852671147e-09,1,0.0003,5e-05
866304,423,249,0.0,-1.716,256.0,3469,0.1696196794509887,0.2,-0.0002995888378791,0.0811339616775512,0.0,0.2155014134332304,0.0,4220.0,8.393599999999999e-05,-3.14321368932724e-10,1,0.0003,5e-05
868352,424,249,0.0,-1.712,256.0,3477,0.0156289879232645,0.2,-0.0002948001496406,0.2242715954780578,0.0,0.0483155404610442,0.0,4230.0,8.3424e-05,9.668292477726936e-09,1,0.0003,5e-05
870400,425,249,0.0,-1.3900000000000006,256.0,3485,0.0015838332474231,0.2,-0.0003039052826352,0.000493586063385,0.0,0.0562768443907998,0.0,4240.0,8.2912e-05,-1.1827796697616576e-08,1,0.0003,5e-05
872448,426,249,0.0,-1.154,256.0,3494,0.0001565146376378,0.2,-0.0003000155102199,0.5546276569366455,0.0,0.013567573196633,0.0,4250.0,8.240000000000001e-05,-5.278270691633224e-08,1,0.0003,5e-05
874496,427,249,0.0,-1.082,256.0,3502,0.0019145240075886,0.2,-0.000301973077876,0.7268747687339783,0.0,0.0020060279691733,0.0,4260.0,8.188799999999999e-05,-2.3446045815944672e-08,1,0.0003,5e-05
876544,428,249,0.0,-1.026,256.0,3511,0.1075912415981292,0.2,-0.0003128606760583,0.0362542271614074,0.0,0.6010365118760091,0.0,4270.0,8.137599999999997e-05,-1.2238160707056522e-08,1,0.0003,5e-05
878592,429,249,0.0,-0.568,256.0,3519,0.1186498552560806,0.2,-0.0003067993056902,0.831806480884552,0.0,0.0327279276127228,0.0,4280.0,8.086399999999999e-05,3.3789547160267832e-09,1,0.0003,5e-05
880640,430,249,0.0,-0.4059999999999999,256.0,3527,0.0029320933390408,0.2,-0.0003198012745997,0.4885755777359009,0.0,0.0096970484120902,0.0,4290.0,8.035199999999998e-05,2.188608050346374e-09,1,0.0003,5e-05
882688,431,249,0.0,-0.2120000000000001,256.0,3535,9.591638809069992e-05,0.2,-0.0003231848753785,0.8372199535369873,0.0,0.0012122407547849,0.0,4300.0,7.984e-05,2.3632310330867772e-09,1,0.0003,5e-05
884736,432,249,0.0,-0.29,256.0,3544,0.0012825482990592,0.2,-0.0002662118615262,0.52748703956604,0.000439453125,0.0042817458321223,2.868948e-05,4310.0,7.932799999999998e-05,-0.0009752125595696,1,0.0003,5e-05
886784,433,249,0.0,-0.3600000000000001,256.0,3552,0.0901294201612472,0.2,-0.0002410027726,0.4566637873649597,0.0,0.1406196839176118,0.0,4320.0,7.8816e-05,-1.1181691661477089e-08,1,0.0003,5e-05
888832,434,249,0.0,-0.5960000000000001,256.0,3560,0.0065184184350073,0.2,-0.0002540882825996,0.8057899475097656,0.0,0.0256909690851898,0.0,4330.0,7.830399999999999e-05,-1.3497192412614826e-07,1,0.0003,5e-05
890880,435,249,0.0,-0.6339999999999999,256.0,3569,0.1418626457452774,0.2,-0.0002617192796606,0.1379972100257873,0.0,0.141174130707077,0.0,4340.0,7.7792e-05,-5.995389074087142e-10,1,0.0003,5e-05
892928,436,249,0.0,-0.6980000000000001,256.0,3577,0.0002154483663616,0.2,-0.0002668347871804,0.0602861642837524,0.0,0.0865180508271805,0.0,4350.0,7.727999999999999e-05,9.66247171163559e-10,1,0.0003,5e-05
894976,437,249,0.0,-0.7060000000000002,256.0,3585,0.0039977696724236,0.2,-0.0002504829775716,0.7304964065551758,0.0,0.0693636142998002,0.0,4360.0,7.676799999999998e-05,-1.9093276932835578e-07,1,0.0003,5e-05
897024,438,249,0.0,-0.992,256.0,3594,0.0990643948316574,0.2,-0.0002664621082658,0.0506451725959777,0.0,0.0651148040288717,0.0,4370.0,7.6256e-05,-6.100162863731384e-09,1,0.0003,5e-05
899072,439,249,0.0,-0.972,256.0,3602,0.2282696813344955,0.2,-0.0002613196753372,0.296416163444519,0.0,0.2822053854353726,0.0,4380.0,7.574399999999998e-05,1.746229827404022e-09,1,0.0003,5e-05
901120,440,249,0.0,-1.028,256.0,3610,0.0011747949756681,0.2,-0.0002691444104129,0.6107404232025146,0.0,0.0033603751559894,0.0,4390.0,7.5232e-05,-4.575122147798538e-09,1,0.0003,5e-05
903168,441,249,0.0,-1.2699999999999998,256.0,3619,0.8978801369667053,0.2,-0.0002668413104402,0.0031524896621704,0.0,1.5047511257464066,0.0,4400.0,7.471999999999999e-05,-4.284083843231201e-09,1,0.0003,5e-05
905216,442,249,0.0,-1.3500000000000003,256.0,3627,0.1175035685300827,0.2,-0.0002657087828993,0.0767475366592407,0.0,0.4887946347094839,0.0,4410.0,7.4208e-05,-9.313225746154783e-10,1,0.0003,5e-05
907264,443,249,0.0,-1.7160000000000002,256.0,3635,0.000897905556485,0.2,-0.0002727616243646,3.5762786865234375e-06,0.0,0.0790597770916974,0.0,4420.0,7.3696e-05,1.668231561779976e-08,1,0.0003,5e-05
909312,444,249,0.0,-1.8000000000000005,256.0,3644,0.1712407320737838,0.2,-0.0002610007803014,0.3172966241836548,0.0,0.3188758376447367,0.0,4430.0,7.318400000000001e-05,-2.287561073899269e-09,1,0.0003,5e-05
911360,445,249,0.0,-1.7140000000000004,256.0,3652,5.2062499889871106e-05,0.2,-0.0002706827461224,0.1246817708015441,0.0,0.0305609467193335,0.0,4440.0,7.2672e-05,-1.194770447909832e-07,1,0.0003,5e-05
913408,446,249,0.0,-1.878,256.0,3661,0.0661452636122703,0.2,-0.0002653025290783,0.5962632298469543,0.0,0.1480403508612653,0.0,4450.0,7.216000000000001e-05,2.6950147002935404e-09,1,0.0003,5e-05
915456,447,249,0.0,-1.658,256.0,3669,0.1853163093328476,0.2,-0.0002806984590279,0.0188564658164978,0.0,0.2965002883123816,0.0,4460.0,7.1648e-05,-1.2951204553246496e-09,1,0.0003,5e-05
917504,448,249,0.0,-1.4100000000000004,256.0,3677,0.1621720343828201,0.2,-0.0002711714438191,0.2124910950660705,0.0,0.1051279257648275,0.0,4470.0,7.113599999999999e-05,-1.374981366097927e-07,1,0.0003,5e-05
919552,449,249,0.0,-1.514,256.0,3686,2.9316404834389687e-05,0.2,-0.0002784468004392,0.7005152702331543,0.0,0.0021606833922305,0.0,4480.0,7.062400000000001e-05,-9.968644008040429e-08,1,0.0003,5e-05
921600,450,249,0.0,-1.5340000000000007,256.0,3694,0.0015342495171353,0.2,-0.0002716043025429,0.3841667771339416,0.0,0.2072757000561978,-7.450581e-09,4490.0,7.0112e-05,-4.7241337597370156e-08,1,0.0003,5e-05
923648,451,249,0.0,-1.3960000000000006,256.0,3702,0.1288506984710693,0.2,-0.0002700196608202,0.4637668132781982,0.0,0.1110351288098172,0.0,4500.0,6.960000000000001e-05,-2.5448389351367953e-08,1,0.0003,5e-05
925696,452,249,0.0,-1.0199999999999998,256.0,3711,0.0252974797040224,0.2,-0.0002749743787717,0.6900181174278259,0.0,0.028248588743736,0.0,4510.0,6.9088e-05,-3.5506673157215123e-09,1,0.0003,5e-05
927744,453,249,0.0,-1.106,256.0,3719,0.0006658139755018,0.2,-0.0002888568684284,0.923517107963562,0.0,0.0017204551473923,0.0,4520.0,6.857600000000002e-05,-1.1817901395261289e-07,1,0.0003,5e-05
929792,454,249,0.0,-0.912,256.0,3727,0.0016760299913585,0.2,-0.0002520810880014,0.1252524256706237,0.00029296875,0.3285060848022113,2.5288173e-05,4530.0,6.806399999999999e-05,-0.0002145679842215,1,0.0003,5e-05
931840,455,249,0.0,-0.83,256.0,3736,0.0052290763705968,0.2,-0.0002464112312736,0.1175242066383361,0.0,0.069183461332841,0.0,4540.0,6.7552e-05,-2.0023435354232787e-09,1,0.0003,5e-05
933888,456,249,0.0,-0.6039999999999999,256.0,3744,0.001467561465688,0.2,-0.0002438943678498,0.5438803434371948,0.0,0.0434711838484872,0.0,4550.0,6.704e-05,-1.7462298274040218e-11,1,0.0003,5e-05
935936,457,249,0.0,-0.5199999999999999,256.0,3752,0.0014192465459927,0.2,-0.0002356189033889,0.9258522987365724,0.0,0.0033561968852154,-7.4214768e-09,4560.0,6.652799999999998e-05,-7.824855856597423e-08,1,0.0003,5e-05
937984,458,249,0.0,-0.8619999999999999,256.0,3761,3.7048350350232795e-05,0.2,-0.0002491613227903,0.498593807220459,0.0,0.0027607015381363,0.0,4570.0,6.6016e-05,-6.326008588075639e-08,1,0.0003,5e-05
940032,459,249,0.0,-0.846,256.0,3769,0.8079626560211182,0.2,-0.0002447015844154,0.0288957357406616,0.0,1.2847699488513171,0.0,4580.0,6.550399999999999e-05,-1.6868580132722855e-08,1,0.0003,5e-05
942080,460,249,0.0,-0.936,256.0,3777,9.765933646121994e-05,0.2,-0.0002551782643422,0.2385491728782653,0.0,0.0642022616575559,0.0,4590.0,6.4992e-05,7.451453711837532e-08,1,0.0003,5e-05
944128,461,249,0.0,-0.872,256.0,3786,0.0040866080671548,0.2,-0.0002520935362554,0.1022135615348815,0.0,0.0329484055399007,0.0,4600.0,6.447999999999999e-05,-7.884809747338294e-08,1,0.0003,5e-05
946176,462,249,0.0,-0.95,256.0,3794,0.0001509044523118,0.2,-0.0002617368681967,0.8501284122467041,0.0,0.0005651852952269,0.0,4610.0,6.396800000000001e-05,-4.3364707380533214e-10,1,0.0003,5e-05
948224,463,249,0.0,-1.136,256.0,3802,0.0004052101867273,0.2,-0.0002612258758745,0.2306919693946838,0.0,0.1234659678608295,0.0,4620.0,6.3456e-05,-5.500623956322671e-09,1,0.0003,5e-05
950272,464,249,0.0,-1.288,256.0,3810,0.1013474613428115,0.2,-0.0002744856847129,0.1019936800003051,0.0,0.0826984331246421,0.0,4630.0,6.294400000000001e-05,-2.5477493181824683e-08,1,0.0003,5e-05
952320,465,249,0.0,-1.332,256.0,3819,0.1197738423943519,0.2,-0.0002616160385514,0.2149156928062439,0.0,0.1547175632586004,0.0,4640.0,6.2432e-05,7.498310878872873e-08,1,0.0003,5e-05
954368,466,249,0.0,-1.406,256.0,3827,0.1122604608535766,0.2,-0.0002655146243341,0.1628628969192505,0.0,0.1384924771016812,-8.440111e-09,4650.0,6.191999999999999e-05,-3.859167918562889e-09,1,0.0003,5e-05
956416,467,249,0.0,-1.5960000000000003,256.0,3836,0.0892467126250267,0.2,-0.0002744914643699,0.1197527647018432,0.0,0.3582167525833938,0.0,4660.0,6.1408e-05,-1.1117663234472276e-08,1,0.0003,5e-05
958464,468,249,0.0,-1.8940000000000003,256.0,3844,0.1143899634480476,0.2,-0.0002793762090732,0.0452301502227783,0.0,0.127472131218019,0.0,4670.0,6.089599999999999e-05,3.03611159324646e-08,1,0.0003,5e-05
960512,469,249,0.0,-2.1719999999999997,256.0,3852,0.0056980247609317,0.2,-0.0002962226768431,0.0344046354293823,0.0,0.3711075033606903,0.0,4680.0,6.0384e-05,-1.50932464748621e-08,1,0.0003,5e-05
962560,470,249,0.0,-1.8860000000000008,256.0,3861,0.2020477801561355,0.2,-0.0002949142075522,0.0584131479263305,0.0,0.1945613581876387,0.0,4690.0,5.987199999999999e-05,-9.313225746154786e-11,1,0.0003,5e-05
964608,471,249,0.0,-1.7280000000000002,256.0,3869,0.0029338945169001,0.2,-0.0003014167279616,0.5890687704086304,0.0,0.0063943544271751,-5.5588316e-09,4700.0,5.936000000000001e-05,-1.8120044842362405e-08,1,0.0003,5e-05
966656,472,249,0.0,-1.4540000000000004,256.0,3877,0.0007688005571253,0.2,-0.0003007704628544,0.160764992237091,0.0,0.1586871526160393,0.0,4710.0,5.8848e-05,1.5355180948972703e-08,1,0.0003,5e-05
968704,473,249,0.0,-1.6780000000000004,256.0,3885,0.0025462647899985,0.2,-0.0003180242514645,0.5869049429893494,0.0,0.0068101649623713,-9.604264e-10,4720.0,5.833600000000001e-05,-4.575122147798538e-08,1,0.0003,5e-05
970752,474,249,0.0,-1.6540000000000004,256.0,3894,0.2479024827480316,0.2,-0.0003228490520996,0.0348302721977233,0.0,0.2974611330340849,-7.450581e-09,4730.0,5.7824e-05,-7.537892088294029e-08,1,0.0003,5e-05
972800,475,249,0.0,-1.3080000000000005,256.0,3902,0.1007490381598472,0.2,-0.0003154531706968,0.3072033524513244,0.0,0.0535238669584941,-7.4214768e-09,4740.0,5.7312000000000016e-05,-5.118781700730324e-08,1,0.0003,5e-05
974848,476,249,0.0,-1.2660000000000002,256.0,3910,0.000428027648013,0.2,-0.0003330474573886,0.0443449616432189,0.0,0.1297082917699299,-1.1641532e-10,4750.0,5.68e-05,-5.5332202464342125e-08,1,0.0003,5e-05
976896,477,249,0.0,-1.196,256.0,3919,0.009233646094799,0.2,-0.0003446196231379,0.1038367748260498,0.0,0.0877561851662903,-5.820766e-11,4760.0,5.628799999999999e-05,-3.09839379042387e-08,1,0.0003,5e-05
978944,478,249,0.0,-0.9920000000000002,256.0,3928,0.0007794903940521,0.2,-0.0003561154673661,0.8373014330863953,0.0,0.0039504071948613,-1.2892997e-08,4770.0,5.5776e-05,-3.4705735743045805e-07,1,0.0003,5e-05
980992,479,249,0.0,-1.142,256.0,3936,0.0003722794353961,0.2,-0.0003893734960001,0.2118289470672607,0.0,0.0985166019665484,-7.363269e-09,4780.0,5.526399999999999e-05,-5.3114490583539016e-08,1,0.0003,5e-05
983040,480,249,0.0,-0.7319999999999999,256.0,3944,0.0099563943222165,0.2,-0.0003995951399701,0.0417706370353698,0.0,0.385626130955643,-1.967419e-08,4790.0,5.475200000000001e-05,-2.9639340937137603e-08,1,0.0003,5e-05
985088,481,249,0.0,-0.4940000000000001,256.0,3953,0.0009687499841675,0.2,-0.0004191733412881,0.2611187100410461,0.0,0.042924369215143,-3.760215e-08,4800.0,5.424e-05,-2.3406464606523513e-07,1,0.0003,5e-05
987136,482,249,0.0,-0.558,256.0,3961,0.0005069917533546,0.2,-0.0004132631682296,0.86867755651474,0.0,0.0016790127252534,-2.7910573e-08,4810.0,5.372800000000001e-05,-4.143337719142437e-07,1,0.0003,5e-05
989184,483,249,0.0,-0.544,256.0,3969,0.0002862506080418,0.2,-0.0004419530032464,0.2698529958724975,0.0,0.0556776881456244,-4.4179615e-08,4820.0,5.3216e-05,-1.632142812013626e-07,1,0.0003,5e-05
991232,484,249,0.0,-0.73,256.0,3978,0.1264275014400482,0.2,-0.0005220184466452,0.1281723976135254,0.0,0.0660212415248679,-4.4703484e-08,4830.0,5.2704000000000016e-05,-1.6435515135526657e-07,1,0.0003,5e-05
993280,485,249,0.0,-0.786,256.0,3986,0.3013169467449188,0.2,-0.0004657745615986,0.0309546589851379,0.0,0.517227529095544,-2.8550858e-08,4840.0,5.2192e-05,-6.076297722756863e-08,1,0.0003,5e-05
995328,486,249,0.0,-0.5479999999999999,256.0,3994,0.0041670626960694,0.2,-0.0004397344306198,0.0831770300865173,0.000390625,0.0758253279302152,2.285387e-05,4850.0,5.1679999999999986e-05,-0.0004573392157908,1,0.0003,5e-05
997376,487,249,0.0,-0.4899999999999999,256.0,4003,5.864724880666472e-05,0.2,-0.0004816623306396,0.5149800181388855,0.0,0.0046729958608011,-2.9453076e-08,4860.0,5.1168e-05,-1.104606781154871e-07,1,0.0003,5e-05
999424,488,249,0.0,-0.47,256.0,4011,0.0009027503547258,0.2,-0.0004845092182222,0.0415995717048645,0.0,0.1617804279543634,-5.2066753e-08,4870.0,5.065599999999999e-05,5.1339156925678255e-09,1,0.0003,5e-05
1001472,489,249,0.0,-0.6439999999999999,256.0,4019,0.0036280853673815,0.2,-0.0005136227358889,0.0786319971084594,0.0,0.0658137521557364,-2.636807e-08,4880.0,5.0144000000000006e-05,-2.5588087737560274e-08,1,0.0003,5e-05
