time/time_elapsed,rollout/ep_len_mean,time/total_timesteps,rollout/success_rate,rollout/ep_rew_mean,time/fps,time/iterations,train/approx_kl,train/value_loss,train/entropy_loss,train/clip_range,train/explained_variance,train/clip_fraction,train/loss,train/policy_gradient_loss,train/learning_rate,train/n_updates,phase,phase_learning_rate_start,phase_learning_rate_end
7,256.0,2048,0.0,-194.375,271,1,,,,,,,,,,,1,0.0003,5e-05
15,256.0,4096,0.0,-195.125,263,2,0.009436125,86.13376564979554,-1.0897769659757617,0.2,0.0470862984657287,0.171533203125,21.264474868774418,-0.0174602455925196,0.0002994879999999,10.0,1,0.0003,5e-05
23,256.0,6144,0.0,-188.79166666666663,263,3,0.015441428,93.8642928123474,-1.0550457626581191,0.2,-0.0031489133834838,0.256396484375,34.73178482055664,-0.0220212483429349,0.0002989759999999,20.0,1,0.0003,5e-05
31,256.0,8192,0.0,-181.40625,263,4,0.01916656,76.75525455474853,-0.9826836735010148,0.2,-6.73532485961914e-05,0.268359375,31.653499603271484,-0.0246960950666107,0.0002984639999999,30.0,1,0.0003,5e-05
38,256.0,10240,0.0,-171.175,262,5,0.015841123,57.43087649345398,-0.8751539967954158,0.2,0.0001918077468872,0.292919921875,24.176746368408203,-0.0267055477481335,0.000297952,40.0,1,0.0003,5e-05
47,256.0,12288,0.0,-161.70833333333334,261,6,0.015998943,32.050041103363036,-0.7439866796135902,0.2,-5.125999450683594e-06,0.244091796875,11.412610054016112,-0.0267137825430836,0.0002974399999999,50.0,1,0.0003,5e-05
54,256.0,14336,0.0,-149.82142857142858,260,7,0.009106221,20.301510190963747,-0.6368196301162243,0.2,-0.0047909021377563,0.1873046875,7.340419292449951,-0.0209230534732341,0.0002969279999999,60.0,1,0.0003,5e-05
62,256.0,16384,0.0,-140.859375,260,8,0.0063095856,6.76934397816658,-0.499597194045782,0.2,4.76837158203125e-07,0.16337890625,2.2661585807800293,-0.021968932764139,0.000296416,70.0,1,0.0003,5e-05
70,256.0,18432,0.0,-131.84722222222223,260,9,0.014986097,7.147485077381134,-0.4372139189392328,0.2,-0.0054426193237304,0.12822265625,2.7149434089660645,-0.0164305434678681,0.000295904,80.0,1,0.0003,5e-05
78,256.0,20480,0.0,-121.2,261,10,0.013197217,4.879807859659195,-0.3164516095072031,0.2,-0.0006608963012695,0.10009765625,2.439159393310547,-0.0158681661123409,0.0002953919999999,90.0,1,0.0003,5e-05
86,256.0,22528,0.0,-111.98863636363636,261,11,0.006454428,3.4358196943998336,-0.1632929269224405,0.2,-2.384185791015625e-07,0.046923828125,1.1649160385131836,-0.0114802321011666,0.0002948799999999,100.0,1,0.0003,5e-05
94,256.0,24576,0.0,-103.57291666666669,261,12,0.0019662697,2.8972642555832864,-0.1489901278167963,0.2,-5.793571472167969e-05,0.0248046875,0.9440335035324096,-0.0078694809053558,0.000294368,110.0,1,0.0003,5e-05
101,256.0,26624,0.0,-92.43,261,13,0.00082960003,3.0050309181213377,-0.1032832692377269,0.2,-1.0371208190917969e-05,0.0091796875,0.8068044185638428,-0.0045233649259898,0.0002938559999999,120.0,1,0.0003,5e-05
109,256.0,28672,0.0,-77.74,260,14,0.0005125168,2.388942340761423,-0.0783048489131033,0.2,5.602836608886719e-05,0.00732421875,0.4848874509334564,-0.0036135745729552,0.0002933439999999,130.0,1,0.0003,5e-05
117,256.0,30720,0.0,-63.73,260,15,0.0013600253,1.4636969074606896,-0.0569517183583229,0.2,-4.410743713378906e-06,0.008837890625,0.4981841742992401,-0.0044607958232518,0.000292832,140.0,1,0.0003,5e-05
125,256.0,32768,0.0,-50.86,260,16,0.0007318658,1.45164138302207,-0.0431418306659907,0.2,0.000338077545166,0.0083984375,0.5669995546340942,-0.0040705533581785,0.00029232,150.0,1,0.0003,5e-05
133,256.0,34816,0.0,-39.64,260,17,0.00096115976,0.8680205833166837,-0.0310245617525652,0.2,0.1581351161003112,0.006201171875,0.2951139509677887,-0.0033949211181607,0.0002918079999999,160.0,1,0.0003,5e-05
141,256.0,36864,0.0,-30.27,260,18,0.00028764748,0.3087081253528595,-0.0196912452345713,0.2,0.0,0.00263671875,0.0923242941498756,-0.0019088336324784,0.0002912959999999,170.0,1,0.0003,5e-05
149,256.0,38912,0.0,-22.49,261,19,0.00032443626,0.3759209737181663,-0.0151452464633621,0.2,-1.1920928955078125e-07,0.00263671875,0.2247303426265716,-0.0012427290901541,0.000290784,180.0,1,0.0003,5e-05
156,256.0,40960,0.0,-16.88,261,20,6.8131456e-05,0.2878220792859792,-0.0130653794505633,0.2,0.4013054370880127,0.0013671875,0.0825729221105575,-0.0012280901311896,0.0002902719999999,190.0,1,0.0003,5e-05
164,256.0,43008,0.0,-11.66,261,21,7.3426694e-05,0.5454831754788756,-0.0100433938321657,0.2,-2.5033950805664062e-06,0.001025390625,0.3195481300354004,-0.0010830297018401,0.0002897599999999,200.0,1,0.0003,5e-05
172,256.0,45056,0.0,-8.38,261,22,-3.0180672e-08,0.1218179629184305,-0.0093808863661251,0.2,-1.1920928955078125e-07,0.0,0.0845067054033279,-4.860805347561836e-07,0.0002892479999999,210.0,1,0.0003,5e-05
180,256.0,47104,0.0,-6.61,261,23,4.1772466e-05,0.1209086553775705,-0.0094209652394056,0.2,0.4656413793563843,0.00029296875,0.0084253633394837,-0.0002480204508174,0.0002887359999999,220.0,1,0.0003,5e-05
188,256.0,49152,0.0,-5.85,261,24,0.000287531,0.1293529021088034,-0.0054513275506906,0.2,0.0077044367790222,0.00126953125,0.0327973328530788,-0.0012014404404908,0.0002882239999999,230.0,1,0.0003,5e-05
195,256.0,51200,0.0,-5.11,261,25,0.00013151701,0.2637327613309025,-0.0036363793566124,0.2,2.014636993408203e-05,0.00078125,0.1450124382972717,-0.0007176274433732,0.0002877119999999,240.0,1,0.0003,5e-05
203,256.0,53248,0.0,-4.59,261,26,4.6674453e-05,0.0794028650736436,-0.0028403593576513,0.2,1.1920928955078125e-07,0.000341796875,0.0474043600261211,-0.000329631747445,0.0002871999999999,250.0,1,0.0003,5e-05
211,256.0,55296,0.0,-3.81,261,27,-5.212496e-08,0.0714654598617926,-0.0027363275818061,0.2,0.3260253071784973,0.0,0.024754986166954,-8.35157698020339e-07,0.0002866879999999,260.0,1,0.0003,5e-05
219,256.0,57344,0.0,-3.54,261,28,0.00017702018,0.467853445187211,-0.0019221849535824,0.2,0.0158263444900512,0.000830078125,0.1247843578457832,-0.0011469443445093,0.0002861759999999,270.0,1,0.0003,5e-05
227,256.0,59392,0.0,-3.21,261,29,0.0,0.111474000144517,-0.0017466912511736,0.2,0.0212544202804565,0.0,0.0507448129355907,2.2037420421838762e-08,0.000285664,280.0,1,0.0003,5e-05
235,256.0,61440,0.0,-3.19,261,30,2.2683205e-05,0.0621433304389938,-0.0014079764368943,0.2,-1.1920928955078125e-07,0.000439453125,0.034243069589138,-0.0008948663104092,0.0002851519999999,290.0,1,0.0003,5e-05
243,256.0,63488,0.0,-3.07,261,31,5.039983e-05,0.1485654379124753,-0.0010474071124917,0.2,0.0377455353736877,0.000439453125,0.1623556166887283,-0.0005422078073024,0.0002846399999999,300.0,1,0.0003,5e-05
250,256.0,65536,0.0,-2.95,261,32,-5.1077222e-08,0.0859394641753169,-0.0010469773071235,0.2,0.1095809340476989,0.0,0.0472948253154754,-3.30386683344841e-08,0.000284128,310.0,1,0.0003,5e-05
258,256.0,67584,0.0,-2.74,261,33,-1.0477379e-08,0.0630364889802876,-0.001026167962118,0.2,0.0310025811195373,0.0,0.0246766973286867,-2.1129380911588672e-08,0.0002836159999999,320.0,1,0.0003,5e-05
266,256.0,69632,0.0,-2.69,261,34,-5.957554e-08,0.027836662264599,-0.00102551097807,0.2,3.993511199951172e-06,0.0,0.0339214168488979,9.080395102500916e-09,0.0002831039999999,330.0,1,0.0003,5e-05
274,256.0,71680,0.0,-2.61,261,35,-5.9604645e-08,0.1756515744396893,-0.0010401683670352,0.2,-1.1444091796875e-05,0.0,0.0477134399116039,-1.0360963642597199e-09,0.0002825919999999,340.0,1,0.0003,5e-05
282,256.0,73728,0.0,-2.55,261,36,0.0001046306,0.0874620052039972,-0.0007649824241525,0.2,6.616115570068359e-06,0.000341796875,0.0208995584398508,-0.0003004106460139,0.00028208,350.0,1,0.0003,5e-05
290,256.0,75776,0.0,-2.45,261,37,0.00019374088,0.0348427838747738,-0.0004697528820543,0.2,0.0,0.000927734375,0.004002355504781,-0.0010108338901773,0.0002815679999999,360.0,1,0.0003,5e-05
298,256.0,77824,0.0,-2.45,261,38,0.0,0.1694768457440659,-0.0004455216108908,0.2,-7.152557373046875e-07,0.0,0.0303126219660043,-6.484333425760269e-09,0.0002810559999999,370.0,1,0.0003,5e-05
306,256.0,79872,0.0,-2.53,260,39,0.0,0.1267969397031265,-0.000440526672537,0.2,-0.0001040697097778,0.0,0.0622189342975616,-4.423782229423523e-10,0.000280544,380.0,1,0.0003,5e-05
314,256.0,81920,0.0,-2.59,260,40,0.0,0.3024674113374203,-0.0004591697517753,0.2,-0.0005676746368408,0.0,0.3789956271648407,1.8626451492309571e-10,0.000280032,390.0,1,0.0003,5e-05
322,256.0,83968,0.0,-2.71,260,41,0.0,0.1744645614686305,-0.0004562530866678,0.2,0.0060289502143859,0.0,0.0969681814312934,2.619344741106033e-09,0.0002795199999999,400.0,1,0.0003,5e-05
330,256.0,86016,0.0,-2.66,260,42,0.0,0.1950276676740031,-0.0004538144283287,0.2,0.0213996767997741,0.0,0.054065641015768,-8.265487849712372e-09,0.0002790079999999,410.0,1,0.0003,5e-05
338,256.0,88064,0.0,-2.67,260,43,0.0,0.0736039146711846,-0.0005952080777205,0.2,0.2768256664276123,0.0,0.1134375631809234,-3.861146979033947e-07,0.000278496,420.0,1,0.0003,5e-05
345,256.0,90112,0.0,-2.71,260,44,0.0,0.0597619140295137,-0.0004674159790738,0.2,0.2504364252090454,0.0,0.0092158745974302,-1.241103745996952e-07,0.0002779839999999,430.0,1,0.0003,5e-05
353,256.0,92160,0.0,-2.79,260,45,0.0,0.1123556601840391,-0.0004510590897552,0.2,2.437829971313477e-05,0.0,0.1561698317527771,-1.6158446669578554e-08,0.0002774719999999,440.0,1,0.0003,5e-05
361,256.0,94208,0.0,-2.97,260,46,0.0,0.1096448691328987,-0.0004695071002061,0.2,0.1721826791763305,0.0,0.0690867230296135,-1.398148015141487e-08,0.00027696,450.0,1,0.0003,5e-05
369,256.0,96256,0.0,-3.0,260,47,0.0,0.1115004342180327,-0.0006015378698066,0.2,0.0864357352256774,0.0,0.0591958612203598,-3.599445335566998e-07,0.000276448,460.0,1,0.0003,5e-05
377,256.0,98304,0.0,-3.1,260,48,0.0,0.1654100648360326,-0.0004709241831733,0.2,0.0502407550811767,0.0,0.0182801540941,-5.937181413173674e-10,0.0002759359999999,470.0,1,0.0003,5e-05
386,256.0,100352,0.0,-3.14,259,49,0.0,0.1140319481637561,-0.0004625978217518,0.2,0.0237852334976196,0.0,0.0041169528849422,-7.683411240577696e-10,0.0002754239999999,480.0,1,0.0003,5e-05
393,256.0,102400,0.0,-3.04,259,50,0.0,0.053615295473719,-0.0004786282184795,0.2,0.2048248052597046,0.0,0.0206014495342969,1.2275995686650277e-08,0.000274912,490.0,1,0.0003,5e-05
401,256.0,104448,0.0,-3.08,259,51,-7.654307e-09,0.1329147029086016,-0.0006509201979497,0.2,0.0896103978157043,0.0,0.003368311561644,7.468042895197869e-09,0.0002743999999999,500.0,1,0.0003,5e-05
409,256.0,106496,0.0,-2.97,259,52,0.0,0.2317183771345298,-0.0004787323887285,0.2,-6.377696990966797e-05,0.0,0.4323020875453949,7.043126970529555e-10,0.0002738879999999,510.0,1,0.0003,5e-05
417,256.0,108544,0.0,-3.05,259,53,9.139889e-05,0.2220980745682027,-0.0003680952402646,0.2,0.0168012976646423,0.000390625,0.091197170317173,-0.0001729752984829,0.000273376,520.0,1,0.0003,5e-05
425,256.0,110592,0.0,-2.89,259,54,0.0,0.1234745677254977,-0.0003361104405485,0.2,-0.0004419088363647,0.0,0.028303125873208,-6.938353180885315e-09,0.000272864,530.0,1,0.0003,5e-05
433,256.0,112640,0.0,-2.93,259,55,0.0,0.031411058417143,-0.0003434435595409,0.2,0.03284353017807,0.0,0.0038528270088136,1.7182901501655578e-08,0.0002723519999999,540.0,1,0.0003,5e-05
441,256.0,114688,0.0,-2.99,259,56,0.0,0.0891428538176114,-0.0003443294135649,0.2,0.0229400992393493,0.0,0.0199895650148391,3.213062882423401e-09,0.0002718399999999,550.0,1,0.0003,5e-05
449,256.0,116736,0.0,-2.95,259,57,0.0,0.0816120252769906,-0.0003528276854922,0.2,0.0441609621047973,0.0,0.1090201213955879,-2.4971086531877513e-09,0.000271328,560.0,1,0.0003,5e-05
457,256.0,118784,0.0,-2.91,259,58,-7.2759576e-09,0.1274292721645906,-0.0004336050009442,0.2,0.0373275279998779,0.0,0.0262083318084478,-6.443588063120842e-09,0.000270816,570.0,1,0.0003,5e-05
465,256.0,120832,0.0,-2.85,259,59,0.0,0.0681482636382497,-0.0003573640922695,0.2,-0.000475525856018,0.0,0.0174026619642972,7.764901965856552e-09,0.0002703039999999,580.0,1,0.0003,5e-05
473,256.0,122880,0.0,-2.71,259,60,0.0,0.0429300209278153,-0.0003593052755604,0.2,0.0248275995254516,0.0,0.0259831249713897,-1.4842953532934187e-09,0.0002697919999999,590.0,1,0.0003,5e-05
481,256.0,124928,0.0,-2.73,259,61,0.0,0.0371059378977406,-0.000366298337758,0.2,0.0378511548042297,0.0,0.0039745792746543,-1.2596137821674349e-08,0.0002692799999999,600.0,1,0.0003,5e-05
489,256.0,126976,0.0,-2.85,259,62,0.0,0.1489086268833489,-0.0003711194392963,0.2,-0.0010643005371093,0.0,0.0392242483794689,5.807669367641211e-09,0.0002687679999999,610.0,1,0.0003,5e-05
497,256.0,129024,0.0,-2.87,259,63,0.0,0.1180549731187056,-0.0003705132829054,0.2,-2.384185791015625e-07,0.0,0.0688200891017913,4.889443516731261e-10,0.000268256,620.0,1,0.0003,5e-05
506,256.0,131072,0.0,-2.69,258,64,0.0,0.2813081595464609,-0.0003836286214209,0.2,-0.0035371780395507,0.0,0.2145317047834396,5.1164533942937854e-09,0.0002677439999999,630.0,1,0.0003,5e-05
514,256.0,133120,0.0,-2.7,258,65,0.0,0.118935399629845,-0.000387832047636,0.2,-0.0040186643600463,0.0,0.0927065908908844,-1.3579847291111948e-08,0.0002672319999999,640.0,1,0.0003,5e-05
522,256.0,135168,0.0,-2.62,258,66,0.0,0.0316393137250088,-0.0003910143994289,0.2,0.0010311603546142,0.0,0.0059062470681965,1.7127604223787783e-09,0.0002667199999999,650.0,1,0.0003,5e-05
530,256.0,137216,0.0,-2.74,258,67,0.0,0.0210426640633841,-0.00039733724916,0.2,-0.0001393556594848,0.0,0.0039204591885209,1.4435499906539915e-09,0.000266208,660.0,1,0.0003,5e-05
538,256.0,139264,0.0,-2.76,258,68,0.0,0.094096927868668,-0.0004042652355565,0.2,0.0,0.0,0.1227075979113578,-4.48198989033699e-09,0.0002656959999999,670.0,1,0.0003,5e-05
546,256.0,141312,0.0,-2.82,258,69,0.0,0.2958171783353464,-0.0004088097943167,0.2,-8.106231689453125e-06,0.0,0.2242671847343444,5.7334545999765404e-09,0.0002651839999999,680.0,1,0.0003,5e-05
554,256.0,143360,0.0,-2.84,258,70,0.0,0.2168556161108426,-0.000418046262348,0.2,5.960464477539064e-08,0.0,0.1312188506126403,1.0477378964424134e-10,0.000264672,690.0,1,0.0003,5e-05
562,256.0,145408,0.0,-2.74,258,71,0.0,0.179804967099335,-0.0004305556736653,0.2,-0.0011999607086181,0.0,0.01190194953233,2.0954757928848267e-10,0.00026416,700.0,1,0.0003,5e-05
570,256.0,147456,0.0,-2.68,258,72,0.0,0.0210758367495145,-0.0004347164933278,0.2,0.0,0.0,0.0146055882796645,-3.2829120755195613e-09,0.0002636479999999,710.0,1,0.0003,5e-05
578,256.0,149504,0.0,-2.84,258,73,0.0,0.0045226754240616,-0.0004451754084584,0.2,-1.1920928955078125e-07,0.0,0.00410219701007,-9.04256012290716e-09,0.0002631359999999,720.0,1,0.0003,5e-05
586,256.0,151552,0.0,-2.8,258,74,-1.1641532e-09,0.4886008494650014,-0.0004575755898258,0.2,-0.0001962184906005,0.0,0.23262719810009,1.8742866814136507e-09,0.000262624,730.0,1,0.0003,5e-05
594,256.0,153600,0.0,-2.74,258,75,-2.4912879e-08,0.0836072320005769,-0.0006335343583486,0.2,-0.0007160902023315,0.0,0.0871056541800499,-7.648486644029618e-09,0.0002621119999999,740.0,1,0.0003,5e-05
602,256.0,155648,0.0,-2.74,258,76,0.0,0.0440298584134325,-0.0004818757955945,0.2,0.0,0.0,0.0095253568142652,1.4028046280145643e-08,0.0002615999999999,750.0,1,0.0003,5e-05
610,256.0,157696,0.0,-2.66,258,77,-5.9604645e-08,0.1838606329547474,-0.0005082194424176,0.2,0.0045106410980224,0.0,0.1036475971341133,-2.8754584491252902e-09,0.000261088,760.0,1,0.0003,5e-05
618,256.0,159744,0.0,-2.82,258,78,-5.9604645e-08,0.0305436417675082,-0.0005245519518211,0.2,-7.283687591552734e-05,0.0,0.0328382775187492,-5.424953997135162e-09,0.0002605759999999,770.0,1,0.0003,5e-05
626,256.0,161792,0.0,-2.82,258,79,-2.910383e-11,0.2416190169227775,-0.0005490274917974,0.2,0.0013148188591003,0.0,0.1134396716952323,-1.5345285646617416e-07,0.0002600639999999,780.0,1,0.0003,5e-05
634,256.0,163840,0.0,-2.64,258,80,-5.2386895e-10,0.0492644893980468,-0.0005721324952901,0.2,0.0051325559616088,0.0,0.0255724769085645,-2.3719621822237972e-08,0.0002595519999999,790.0,1,0.0003,5e-05
642,256.0,165888,0.0,-2.49,258,81,0.0,0.0531770350748047,-0.0005872205983905,0.2,0.0,0.0,0.0004367862129583,-6.158370524644851e-09,0.00025904,800.0,1,0.0003,5e-05
650,256.0,167936,0.0,-2.41,258,82,0.0001981004,0.0429326218218193,-0.0002934423464466,0.2,-1.6689300537109375e-06,0.000439453125,0.000402840290917,-0.0010271298757288,0.0002585279999999,810.0,1,0.0003,5e-05
658,256.0,169984,0.0,-2.55,258,83,0.0,0.0747677901854331,-0.0002559763866884,0.2,1.788139343261719e-07,0.0,0.0075095756910741,-4.068715497851372e-09,0.0002580159999999,820.0,1,0.0003,5e-05
666,256.0,172032,0.0,-2.73,258,84,0.0,0.1663877445273101,-0.0002600918807729,0.2,-0.0012668371200561,0.0,0.023278247565031,-6.28642737865448e-10,0.000257504,830.0,1,0.0003,5e-05
674,256.0,174080,0.0,-2.49,258,85,0.0,0.1259329002408776,-0.0002626726705784,0.2,0.0037032961845397,0.0,0.0333824306726455,-2.4389009922742843e-09,0.000256992,840.0,1,0.0003,5e-05
682,256.0,176128,0.0,-2.53,258,86,0.0,0.0289723215160847,-0.0002627088684675,0.2,1.4901161193847656e-06,0.0,0.0144299510866403,-2.7164787752553822e-09,0.0002564799999999,850.0,1,0.0003,5e-05
690,256.0,178176,0.0,-2.49,258,87,0.0,0.0887568038146127,-0.0002665023683221,0.2,-0.0016380548477172,0.0,0.0593259446322917,7.636845111846923e-09,0.0002559679999999,860.0,1,0.0003,5e-05
698,256.0,180224,0.0,-2.35,257,88,0.0,0.0273445846880349,-0.0002650872760568,0.2,-0.000149130821228,0.0,0.0174788273870944,2.0816514734178783e-09,0.000255456,870.0,1,0.0003,5e-05
706,256.0,182272,0.0,-2.54,257,89,0.0,0.0216973612654783,-0.0002700689732591,0.2,0.0391346216201782,0.0,0.0040421239100396,5.820766091346741e-09,0.000254944,880.0,1,0.0003,5e-05
714,256.0,184320,0.0,-2.48,257,90,5.9888058e-05,0.2333149379584938,-0.0002213758449215,0.2,-9.5367431640625e-07,0.000439453125,0.2136626243591308,-0.0002222353476099,0.0002544319999999,890.0,1,0.0003,5e-05
722,256.0,186368,0.0,-2.4,257,91,0.0,0.0588653485377108,-0.0002155925370971,0.2,-0.000450849533081,0.0,0.0869696214795112,8.032657206058503e-10,0.00025392,900.0,1,0.0003,5e-05
730,256.0,188416,0.0,-2.38,257,92,0.0,0.0039356763344585,-0.0002170803794797,0.2,0.0011073350906372,0.0,2.5501287382212467e-05,-1.961452653631568e-08,0.000253408,910.0,1,0.0003,5e-05
738,256.0,190464,0.0,-2.39,257,93,0.0,0.0371319731222456,-0.0002179224349674,0.2,5.9604644775390625e-06,0.0,0.0192987099289894,4.307366907596588e-09,0.0002528959999999,920.0,1,0.0003,5e-05
746,256.0,192512,0.0,-2.51,257,94,0.0,0.0333180396039097,-0.0002554554775997,0.2,0.0741390585899353,0.0,0.0034300307743251,-3.919703885912895e-08,0.000252384,930.0,1,0.0003,5e-05
754,256.0,194560,0.0,-2.61,257,95,0.0,0.3729624481115025,-0.0002204006126703,0.2,-0.0001932382583618,0.0,0.0109499432146549,2.281740307807922e-09,0.000251872,940.0,1,0.0003,5e-05
761,256.0,196608,0.0,-2.49,258,96,0.0,0.2361855835886672,-0.0002202423494964,0.2,0.0016518831253051,0.0,0.1869834959506988,-5.704350769519806e-09,0.0002513599999999,950.0,1,0.0003,5e-05
769,256.0,198656,0.0,-2.49,258,97,0.0,0.0419684008516924,-0.0002205118571509,0.2,0.2698838114738464,0.0,0.0440335348248481,1.4551915228366852e-10,0.0002508479999999,960.0,1,0.0003,5e-05
776,256.0,200704,0.0,-2.62,258,98,0.0,0.0989886175506399,-0.0002220174998001,0.2,0.4738773107528686,0.0,0.0436314046382904,-2.782326191663742e-09,0.000250336,970.0,1,0.0003,5e-05
783,256.0,202752,0.0,-2.66,258,99,0.00014287152,0.1910775224911049,-0.000123461100884,0.2,0.0071518421173095,0.000439453125,0.0442949682474136,-0.0007783615379594,0.0002498239999999,980.0,1,0.0003,5e-05
790,256.0,204800,0.0,-2.7,258,100,0.0,0.1813536740082781,-0.0001093474995286,0.2,0.0270659327507019,0.0,0.0626915246248245,4.903995431959628e-10,0.0002493119999999,990.0,1,0.0003,5e-05
798,256.0,206848,0.0,-2.67,259,101,0.0,0.0609519356941746,-0.0001088260987671,0.2,0.5271145105361938,0.0,0.0025974900927394,-7.334165275096892e-10,0.0002488,1000.0,1,0.0003,5e-05
805,256.0,208896,0.0,-2.71,259,102,0.0,0.1656805537102627,-0.0001111825649786,0.2,0.0129319429397583,0.0,0.1558497548103332,-1.955777406692505e-09,0.0002482879999999,1010.0,1,0.0003,5e-05
812,256.0,210944,0.0,-2.91,259,103,0.0,0.14416778171435,-0.0001109569129766,0.2,0.0123201012611389,0.0,0.1184749081730842,-5.273614078760147e-09,0.0002477759999999,1020.0,1,0.0003,5e-05
820,256.0,212992,0.0,-3.05,259,104,0.0,0.3955531036830507,-0.0001100960893381,0.2,0.1681713461875915,0.0,0.1101226285099983,1.076841726899147e-09,0.0002472639999999,1030.0,1,0.0003,5e-05
827,256.0,215040,0.0,-3.05,259,105,0.0,0.163554963748902,-0.0001101491021472,0.2,0.2003370523452758,0.0,0.0849413052201271,2.852175384759903e-09,0.000246752,1040.0,1,0.0003,5e-05
834,256.0,217088,0.0,-2.93,260,106,0.0,0.0631909534626174,-0.0001111757939725,0.2,0.5670292377471924,0.0,0.0016969974385574,-3.5332050174474718e-09,0.0002462399999999,1050.0,1,0.0003,5e-05
841,256.0,219136,0.0,-2.75,260,107,0.0,0.0376147876602772,-0.0001271535575142,0.2,0.3966578245162964,0.0,0.0038464562967419,-1.4938996173441412e-08,0.0002457279999999,1060.0,1,0.0003,5e-05
848,256.0,221184,0.0,-2.73,260,108,0.0,0.1024689136123924,-0.0001107872472857,0.2,0.017423927783966,0.0,0.0679158568382263,-7.520429790019988e-09,0.000245216,1070.0,1,0.0003,5e-05
856,256.0,223232,0.0,-2.94,260,109,0.0,0.1793081207135401,-0.000109903032262,0.2,0.0009752511978149,0.0,0.0472206771373748,-6.01867213845253e-09,0.0002447039999999,1080.0,1,0.0003,5e-05
863,256.0,225280,0.0,-2.85,260,110,0.00016696489,0.3030637090094387,-6.555845384355052e-05,0.2,0.002863585948944,0.000390625,0.2797119319438934,-0.0004594069672748,0.0002441919999999,1090.0,1,0.0003,5e-05
870,256.0,227328,0.0,-3.03,261,111,0.0,0.0747763795137871,-5.398918165155919e-05,0.2,0.7921371459960938,0.0,0.0053364322520792,-1.9936123862862587e-09,0.0002436799999999,1100.0,1,0.0003,5e-05
877,256.0,229376,0.0,-3.03,261,112,0.0,0.228581891907379,-5.3819310051039795e-05,0.2,0.4769564867019653,0.0,0.0984193608164787,-2.450542524456978e-09,0.0002431679999999,1110.0,1,0.0003,5e-05
885,256.0,231424,0.0,-2.89,261,113,0.0,0.2847374372504418,-5.3838224721403095e-05,0.2,0.2315006852149963,0.0,0.1748155355453491,-1.8102582544088362e-09,0.0002426559999999,1120.0,1,0.0003,5e-05
892,256.0,233472,0.0,-2.95,261,114,0.0,0.0628253629198297,-5.387591727412655e-05,0.2,0.5286279916763306,0.0,0.0153666697442531,6.810296326875685e-10,0.0002421439999999,1130.0,1,0.0003,5e-05
899,256.0,235520,0.0,-2.85,261,115,0.0,0.13112332651217,-5.388452168517688e-05,0.2,0.2513461709022522,0.0,0.1005734652280807,3.4924596548080437e-11,0.0002416319999999,1140.0,1,0.0003,5e-05
906,256.0,237568,0.0,-2.71,262,116,0.0,0.0672939654694346,-5.407397125054558e-05,0.2,0.3039953708648681,0.0,0.0397390499711036,-1.9790604710578918e-10,0.0002411199999999,1150.0,1,0.0003,5e-05
913,256.0,239616,0.0,-2.71,262,117,0.0,0.0291562158688975,-5.39335399025731e-05,0.2,0.327710211277008,0.0,0.0093167833983898,-2.712476998567581e-09,0.0002406079999999,1160.0,1,0.0003,5e-05
920,256.0,241664,0.0,-2.77,262,118,0.0,0.0433503743370238,-5.41391198112251e-05,0.2,0.2503575682640075,0.0,0.0292996428906917,1.3038516044616696e-09,0.0002400959999999,1170.0,1,0.0003,5e-05
928,256.0,243712,0.0,-2.75,262,119,0.0,0.1348178138083312,-5.407836788435816e-05,0.2,0.0968483686447143,0.0,0.186016634106636,2.171145752072334e-09,0.0002395839999999,1180.0,1,0.0003,5e-05
935,256.0,245760,0.0,-2.79,262,120,0.0,0.0369258195922157,-5.4163747790880734e-05,0.2,0.0756648778915405,0.0,0.008875967003405,-8.294591680169106e-09,0.0002390719999999,1190.0,1,0.0003,5e-05
942,256.0,247808,0.0,-2.72,262,121,0.0,0.0226336513483147,-5.451053011711338e-05,0.2,0.4833468198776245,0.0,0.0316862948238849,-8.149072527885435e-11,0.0002385599999999,1200.0,1,0.0003,5e-05
949,256.0,249856,0.0,-2.64,263,122,0.0,0.0664395492647599,-5.467737710205256e-05,0.2,0.0591402649879455,0.0,0.0091555202379822,4.854518920183182e-09,0.0002380479999999,1210.0,1,0.0003,5e-05
956,256.0,251904,0.0,-2.5,263,123,0.0,0.1628316521178931,-5.44373524007824e-05,0.2,0.0899962186813354,0.0,0.0702326893806457,-8.149072527885436e-10,0.0002375359999999,1220.0,1,0.0003,5e-05
964,256.0,253952,0.0,-2.36,263,124,0.0,0.0039818498646127,-5.499025473909569e-05,0.2,0.6921563148498535,0.0,6.615106394747272e-05,6.309710443019867e-09,0.0002370239999999,1230.0,1,0.0003,5e-05
971,256.0,256000,0.0,-2.46,263,125,0.0,0.0588347995570075,-5.4952880827841e-05,0.2,0.108341097831726,0.0,0.0268470887094736,1.938315108418464e-09,0.0002365119999999,1240.0,1,0.0003,5e-05
978,256.0,258048,0.0,-2.46,263,126,0.0,0.2460077136405743,-5.493687249327195e-05,0.2,0.0292773842811584,0.0,0.042112436145544,5.296897143125534e-10,0.0002359999999999,1250.0,1,0.0003,5e-05
986,256.0,260096,0.0,-2.34,263,127,0.0,0.0904941252782009,-5.5037572883520626e-05,0.2,0.082194447517395,0.0,0.0824329107999801,-3.14321368932724e-10,0.0002354879999999,1260.0,1,0.0003,5e-05
993,256.0,262144,0.0,-2.52,263,128,0.0,0.0252921903622336,-5.532992968255712e-05,0.2,0.2121977806091308,0.0,0.0274510458111763,-1.1175870895385742e-09,0.0002349759999999,1270.0,1,0.0003,5e-05
1000,256.0,264192,0.0,-2.56,264,129,0.0,0.3389716520556248,-5.555819820983743e-05,0.2,0.0135465264320373,0.0,0.3886276185512543,2.3283064365386963e-10,0.0002344639999999,1280.0,1,0.0003,5e-05
1007,256.0,266240,0.0,-2.5,264,130,0.0,0.052971653440909,-5.536720746022183e-05,0.2,0.2368612289428711,0.0,0.0914590582251548,4.458706825971603e-09,0.0002339519999999,1290.0,1,0.0003,5e-05
1014,256.0,268288,0.0,-2.48,264,131,0.0,0.1571404630361939,-5.545594449358759e-05,0.2,0.0213961005210876,0.0,0.1884969919919967,3.4924596548080437e-11,0.0002334399999999,1300.0,1,0.0003,5e-05
1022,256.0,270336,0.0,-2.4,264,132,0.0,0.0365143528331827,-5.576004587055649e-05,0.2,0.1176496148109436,0.0,0.0006775641813874,5.640322342514992e-09,0.0002329279999999,1310.0,1,0.0003,5e-05
1029,256.0,272384,0.0,-2.42,264,133,0.0,0.0120152504056022,-6.27106182037096e-05,0.2,0.7025701403617859,0.0,0.0001985164417419,6.629852578043938e-09,0.0002324159999999,1320.0,1,0.0003,5e-05
1036,256.0,274432,0.0,-2.38,264,134,0.0,0.055705455253701,-5.585312110270024e-05,0.2,0.0829275846481323,0.0,0.0646943822503089,-3.1897798180580133e-09,0.0002319039999999,1330.0,1,0.0003,5e-05
1043,256.0,276480,0.0,-2.4,264,135,0.0,0.1910195941891288,-5.587506752817717e-05,0.2,0.0137812495231628,0.0,0.0280781332403421,-5.553010851144791e-09,0.0002313919999999,1340.0,1,0.0003,5e-05
1050,256.0,278528,0.0,-2.46,265,136,0.0,0.0649700234142073,-5.631752496810804e-05,0.2,0.0732975006103515,0.0,0.0309987179934978,-5.366746336221695e-09,0.0002308799999999,1350.0,1,0.0003,5e-05
1058,256.0,280576,0.0,-2.26,265,137,0.0,0.0397523134306538,-5.6745688698356386e-05,0.2,0.0706397294998169,0.0,0.028257668018341,1.2922100722789762e-09,0.0002303679999999,1360.0,1,0.0003,5e-05
1065,256.0,282624,0.0,-2.28,265,138,0.0,0.0159617888894445,-5.700847459593206e-05,0.2,0.4817938208580017,0.0,0.0196414515376091,-4.528556019067764e-09,0.000229856,1370.0,1,0.0003,5e-05
1072,256.0,284672,0.0,-2.34,265,139,0.0,0.0486252854924714,-5.695877698599361e-05,0.2,0.0605652332305908,0.0,0.0150172170251607,-7.118796929717064e-09,0.0002293439999999,1380.0,1,0.0003,5e-05
1079,256.0,286720,0.0,-2.32,265,140,0.0,0.1257999351524631,-5.7107790553345694e-05,0.2,0.0335505008697509,0.0,0.0094105824828147,1.234002411365509e-09,0.0002288319999999,1390.0,1,0.0003,5e-05
1086,256.0,288768,0.0,-2.32,265,141,0.0,0.0719952595405629,-5.746931706198666e-05,0.2,0.0870052576065063,0.0,0.0614997595548629,-7.188646122813225e-09,0.0002283199999999,1400.0,1,0.0003,5e-05
1093,256.0,290816,0.0,-2.26,265,142,0.0,0.1627100062323734,-5.768891278421506e-05,0.2,0.0522940158843994,0.0,0.1834011375904083,-1.4522811397910118e-09,0.0002278079999999,1410.0,1,0.0003,5e-05
1101,256.0,292864,0.0,-2.26,265,143,0.0,0.0390806210169103,-5.7722809060578584e-05,0.2,0.1438485980033874,0.0,0.0018641051137819,5.366746336221695e-09,0.0002272959999999,1420.0,1,0.0003,5e-05
1108,256.0,294912,0.0,-2.32,266,144,0.0,0.0575582721670798,-5.913666409469442e-05,0.2,0.5487343072891235,0.0,0.075001336634159,-1.9607250578701497e-08,0.0002267839999999,1430.0,1,0.0003,5e-05
1115,256.0,296960,0.0,-2.48,266,145,0.0,0.0503263279089878,-5.817379883410467e-05,0.2,0.0834091305732727,0.0,0.0022951625287532,2.1548476070165633e-08,0.0002262719999999,1440.0,1,0.0003,5e-05
1122,256.0,299008,0.0,-2.34,266,146,0.0,0.090340617300535,-5.886432336410507e-05,0.2,0.2720828056335449,0.0,0.0420932136476039,-1.935986801981926e-08,0.0002257599999999,1450.0,1,0.0003,5e-05
1129,256.0,301056,0.0,-2.3,266,147,0.0,0.0365719062687276,-5.932211802246456e-05,0.2,0.0721015930175781,0.0,0.0488479100167751,8.498318493366241e-09,0.0002252479999999,1460.0,1,0.0003,5e-05
1136,256.0,303104,0.0,-2.38,266,148,0.0,0.0205198454295896,-5.948150642325345e-05,0.2,0.2761499285697937,0.0,0.0020166290923953,-2.0954757928848267e-10,0.0002247359999999,1470.0,1,0.0003,5e-05
1144,256.0,305152,0.0,-2.52,266,149,0.0,0.1258357740429346,-5.990129639030783e-05,0.2,0.0249768495559692,0.0,0.0483200550079345,6.868503987789153e-10,0.0002242239999999,1480.0,1,0.0003,5e-05
1151,256.0,307200,0.0,-2.5,266,150,0.0,0.123213149725052,-6.003019566378498e-05,0.2,0.0224697589874267,0.0,0.0556157641112804,2.258457243442535e-09,0.0002237119999999,1490.0,1,0.0003,5e-05
1158,256.0,309248,0.0,-2.42,266,151,0.0,0.0405002080073245,-6.075400556255772e-05,0.2,0.7261398434638977,0.0,0.016623081639409,3.527384251356125e-09,0.0002231999999999,1500.0,1,0.0003,5e-05
1165,256.0,311296,0.0,-2.46,267,152,0.0,0.0323376028894927,-6.083884454710642e-05,0.2,0.7007460594177246,0.0,0.0037518865428864,-1.9033905118703844e-09,0.0002226879999999,1510.0,1,0.0003,5e-05
1172,256.0,313344,0.0,-2.66,267,153,0.0,0.1925111316260881,-6.116634435784362e-05,0.2,0.2243042588233947,0.0,0.0054474733769893,-1.1816155165433882e-09,0.0002221759999999,1520.0,1,0.0003,5e-05
1180,256.0,315392,0.0,-2.6,267,154,0.0,0.1983773354790173,-6.133529414000804e-05,0.2,0.1540036797523498,0.0,0.0826638266444206,-5.587935447692871e-10,0.0002216639999999,1530.0,1,0.0003,5e-05
1187,256.0,317440,0.0,-2.7,267,155,0.0,0.0987983126848121,-6.154851416795282e-05,0.2,0.0006431341171264,0.0,0.0743433833122253,3.707828000187874e-09,0.0002211519999999,1540.0,1,0.0003,5e-05
1194,256.0,319488,0.0,-2.72,267,156,0.0,0.1362180259660817,-6.240452839847421e-05,0.2,0.1761515736579895,0.0,0.0029061348177492,1.9092112779617308e-09,0.0002206399999999,1550.0,1,0.0003,5e-05
1201,256.0,321536,0.0,-2.58,267,157,0.0,0.1045684590397286,-6.292217740337947e-05,0.2,0.3996440172195434,0.0,0.0493522807955741,5.611218512058258e-09,0.0002201279999999,1560.0,1,0.0003,5e-05
1208,256.0,323584,0.0,-2.68,267,158,0.0,0.0627556936065957,-6.288260765359155e-05,0.2,0.4743223190307617,0.0,0.000654412433505,4.200846888124943e-08,0.0002196159999999,1570.0,1,0.0003,5e-05
1215,256.0,325632,0.0,-2.7,267,159,0.0,0.1134772587007319,-6.319909116427879e-05,0.2,0.0576932430267334,0.0,0.100814551115036,-1.955777406692505e-09,0.0002191039999999,1580.0,1,0.0003,5e-05
1222,256.0,327680,0.0,-2.62,267,160,0.0,0.0372186432097805,-6.373054739015061e-05,0.2,0.1495078206062317,0.0,0.0464636050164699,-8.603092283010483e-09,0.0002185919999999,1590.0,1,0.0003,5e-05
1229,256.0,329728,0.0,-2.56,268,161,0.0,0.1750405755403335,-6.426041836675722e-05,0.2,-0.0078879594802856,0.0,0.0699333846569061,-3.667082637548446e-10,0.0002180799999999,1600.0,1,0.0003,5e-05
1236,256.0,331776,0.0,-2.52,268,162,0.0,0.0773557357311801,-6.517896090372233e-05,0.2,0.0914363861083984,0.0,0.1446065902709961,4.0745362639427176e-11,0.0002175679999999,1610.0,1,0.0003,5e-05
1243,256.0,333824,0.0,-2.62,268,163,0.0,0.040580250545463,-6.563171855304973e-05,0.2,0.3975778818130493,0.0,0.0001479583152104,-1.2332748156040907e-09,0.0002170559999999,1620.0,1,0.0003,5e-05
1251,256.0,335872,0.0,-2.48,268,164,0.0,0.0967183525353903,-6.653126374658313e-05,0.2,0.159322440624237,0.0,0.102539986371994,-1.769512891769409e-09,0.0002165439999999,1630.0,1,0.0003,5e-05
1258,256.0,337920,0.0,-2.46,268,165,0.0,0.0254566073635942,-6.688305156785646e-05,0.2,0.6839780807495117,0.0,0.0023011772427707,-8.073402568697929e-09,0.0002160319999999,1640.0,1,0.0003,5e-05
1265,256.0,339968,0.0,-2.36,268,166,0.0,0.0869829341274453,-6.706288486384438e-05,0.2,0.0502331852912902,0.0,0.0245031416416168,5.980837158858775e-10,0.0002155199999999,1650.0,1,0.0003,5e-05
1272,256.0,342016,0.0,-2.3,268,167,0.0,0.1782195888459682,-6.782422269679955e-05,0.2,0.1327933073043823,0.0,0.087656669318676,7.566995918750763e-11,0.0002150079999999,1660.0,1,0.0003,5e-05
1279,256.0,344064,0.0,-2.32,268,168,0.0,0.1041448155912803,-6.833140669186833e-05,0.2,0.1456186771392822,0.0,0.0728513970971107,-3.3352989703416823e-09,0.0002144959999999,1670.0,1,0.0003,5e-05
1286,256.0,346112,0.0,-2.36,268,169,0.0,0.1060486073751235,-6.860039165985654e-05,0.2,0.2829979658126831,0.0,0.0659955143928527,-4.5984052121639254e-10,0.000213984,1680.0,1,0.0003,5e-05
1293,256.0,348160,0.0,-2.46,269,170,0.0,0.1118281780203687,-6.938750411791261e-05,0.2,0.2951200604438782,0.0,0.0636949762701988,-3.841705620288849e-09,0.0002134719999999,1690.0,1,0.0003,5e-05
1301,256.0,350208,0.0,-2.52,269,171,0.0,0.1476246068952605,-7.067607266435516e-05,0.2,0.0922332406044006,0.0,0.1191753819584846,5.657784640789032e-09,0.0002129599999999,1700.0,1,0.0003,5e-05
1308,256.0,352256,0.0,-2.52,269,172,0.0,0.0636381405303836,-7.028477475614636e-05,0.2,0.4493642449378967,0.0,0.0231320038437843,-5.0000380724668514e-09,0.0002124479999999,1710.0,1,0.0003,5e-05
1315,256.0,354304,0.0,-2.46,269,173,0.0,0.0968606356203963,-8.186662789739785e-05,0.2,0.2465521693229675,0.0,0.001381111331284,-2.4016480892896657e-08,0.0002119359999999,1720.0,1,0.0003,5e-05
1322,256.0,356352,0.0,-2.44,269,174,0.0,0.0333713880234427,-7.147120122681372e-05,0.2,0.3255420923233032,0.0,0.0257657039910554,7.450580596923829e-10,0.000211424,1730.0,1,0.0003,5e-05
1329,256.0,358400,0.0,-2.54,269,175,0.0,0.0438103667991526,-7.281360876731924e-05,0.2,0.5593390464782715,0.0,0.030009351670742,-1.699663698673248e-09,0.0002109119999999,1740.0,1,0.0003,5e-05
1339,256.0,360448,0.0,-2.66,269,176,0.0,0.186861253195093,-7.40015256269544e-05,0.2,0.1324361562728881,0.0,0.1031777039170265,-1.327134668827057e-09,0.0002103999999999,1750.0,1,0.0003,5e-05
1347,256.0,362496,0.0,-2.72,269,177,0.0,0.2268088840995915,-7.428843755405979e-05,0.2,0.2384097576141357,0.0,0.0357790738344192,-6.577465683221816e-10,0.0002098879999999,1760.0,1,0.0003,5e-05
1354,256.0,364544,0.0,-2.76,269,178,0.0,0.202158219992998,-7.466478209607885e-05,0.2,0.3142848014831543,0.0,0.1487172096967697,-8.381903171539306e-10,0.0002093759999999,1770.0,1,0.0003,5e-05
1362,256.0,366592,0.0,-2.82,269,179,0.0,0.0453242216215585,-7.51034821405483e-05,0.2,0.318601131439209,0.0,0.003212699200958,-1.3795215636491775e-09,0.0002088639999999,1780.0,1,0.0003,5e-05
1370,256.0,368640,0.0,-2.84,269,180,0.0,0.2250395785085857,-7.596744708280312e-05,0.2,0.2186731100082397,0.0,0.3278151452541351,-8.96397978067398e-10,0.0002083519999999,1790.0,1,0.0003,5e-05
1377,256.0,370688,0.0,-2.92,269,181,0.0,0.1712615879951045,-7.634471648998442e-05,0.2,0.1302146315574646,0.0,0.1220148727297782,2.0914012566208843e-08,0.0002078399999999,1800.0,1,0.0003,5e-05
1385,256.0,372736,0.0,-2.92,269,182,0.0,0.2431194496282842,-7.753800919090282e-05,0.2,0.1641131043434143,0.0,0.0697247311472892,-8.96397978067398e-10,0.0002073279999999,1810.0,1,0.0003,5e-05
1393,256.0,374784,0.0,-2.78,268,183,0.0,0.1642881338601,-7.789790670358343e-05,0.2,0.3613579869270324,0.0,0.2238739579916,-1.629814505577087e-10,0.0002068159999999,1820.0,1,0.0003,5e-05
1401,256.0,376832,0.0,-2.86,268,184,0.0,0.0397263269522227,-7.90122559919837e-05,0.2,0.7561387419700623,0.0,0.0032450223807245,1.5483237802982331e-09,0.0002063039999999,1830.0,1,0.0003,5e-05
1408,256.0,378880,0.0,-2.9,268,185,0.0,0.0753840714911348,-7.937850687085301e-05,0.2,0.6038866639137268,0.0,0.0027831429615616,3.725290298461914e-09,0.0002057919999999,1840.0,1,0.0003,5e-05
1416,256.0,380928,0.0,-3.06,268,186,0.0,0.1000477770074212,-8.106532877718564e-05,0.2,0.2227399945259094,0.0,0.0758838579058647,2.939486876130104e-09,0.0002052799999999,1850.0,1,0.0003,5e-05
1424,256.0,382976,0.0,-3.1,268,187,0.0,0.2852135862340219,-8.25002985948231e-05,0.2,0.0589963793754577,0.0,0.1225746721029281,-2.3440225049853324e-08,0.0002047679999999,1860.0,1,0.0003,5e-05
1432,256.0,385024,0.0,-3.12,268,188,0.0,0.1608959554345347,-8.206797510865727e-05,0.2,0.2757454514503479,0.0,0.0919548422098159,-2.663000486791134e-09,0.0002042559999999,1870.0,1,0.0003,5e-05
1439,256.0,387072,0.0,-3.3,268,189,0.0,0.0477241611879435,-8.602611333117239e-05,0.2,0.5637681484222412,0.0,0.0003714599879458,-1.0673538781702521e-07,0.0002037439999999,1880.0,1,0.0003,5e-05
1447,256.0,389120,0.0,-3.16,268,190,0.0,0.3811352940276265,-8.437563683401094e-05,0.2,0.2871893644332886,0.0,0.0405893176794052,-9.83709469437599e-10,0.0002032319999999,1890.0,1,0.0003,5e-05
1455,256.0,391168,0.0,-3.22,268,191,0.0,0.0672284913700423,-8.441118379778345e-05,0.2,0.7114520072937012,0.0,0.0227557104080915,-3.748573362827301e-09,0.0002027199999999,1900.0,1,0.0003,5e-05
1463,256.0,393216,0.0,-3.1,268,192,0.0,0.0339531378751416,-8.609676115156617e-05,0.2,0.3764559626579284,0.0,0.0230927877128124,2.4447217583656307e-10,0.0002022079999999,1910.0,1,0.0003,5e-05
1471,256.0,395264,0.0,-2.96,268,193,0.0,0.0282516358871362,-8.693273457538453e-05,0.2,0.8818466067314148,0.0,0.0031468044035136,-1.4778925105929377e-08,0.0002016959999999,1920.0,1,0.0003,5e-05
1478,256.0,397312,0.0,-2.96,268,194,0.0,0.083608715920127,-8.879562656147755e-05,0.2,0.6851739883422852,0.0,0.032285388559103,1.3227690942585468e-08,0.0002011839999999,1930.0,1,0.0003,5e-05
1486,256.0,399360,0.0,-2.9,268,195,0.0,0.0264455311844358,-9.009793575387448e-05,0.2,0.3615719079971313,0.0,0.0022084030788391,4.074536263942718e-09,0.0002006719999999,1940.0,1,0.0003,5e-05
1494,256.0,401408,0.0,-2.88,268,196,0.0,0.0941453602834371,-9.086695681617128e-05,0.2,0.552603006362915,0.0,0.0011569663183763,-4.365574568510055e-09,0.0002001599999999,1950.0,1,0.0003,5e-05
1502,256.0,403456,0.0,-2.82,268,197,0.0,0.0504070572103955,-9.271312092096196e-05,0.2,0.2695428729057312,0.0,0.0007511610165238,1.0011717677116394e-09,0.0001996479999999,1960.0,1,0.0003,5e-05
1510,256.0,405504,0.0,-2.7,268,198,0.0,0.0573602099662821,-9.487341458225274e-05,0.2,0.674202561378479,0.0,0.0357484705746173,-4.6740751713514335e-09,0.0001991359999999,1970.0,1,0.0003,5e-05
1518,256.0,407552,0.0,-2.6,268,199,0.0,0.0976917853742634,-9.775715852811118e-05,0.2,0.3480570316314697,0.0,0.0012042135931551,4.48198989033699e-10,0.0001986239999999,1980.0,1,0.0003,5e-05
1525,256.0,409600,0.0,-2.58,268,200,0.0,0.0236943919655459,-9.872376103885472e-05,0.2,0.7964866757392883,0.0,0.0191193744540214,-1.4936085790395738e-08,0.0001981119999999,1990.0,1,0.0003,5e-05
1533,256.0,411648,0.0,-2.44,268,201,0.0,0.0880065210789325,-0.0001015244192785,0.2,0.5740339756011963,0.0,0.0095861107110977,1.519802026450634e-08,0.0001975999999999,2000.0,1,0.0003,5e-05
1541,256.0,413696,0.0,-2.32,268,202,0.0,0.0430741550859238,-0.0001038744912875,0.2,0.5768895149230957,0.0,0.0733268111944198,2.793967723846435e-10,0.0001970879999999,2010.0,1,0.0003,5e-05
1548,256.0,415744,0.0,-2.34,268,203,0.0,0.0824881250722683,-0.0001058672227372,0.2,0.5439980030059814,0.0,0.049514040350914,-7.55535438656807e-09,0.0001965759999999,2020.0,1,0.0003,5e-05
1555,256.0,417792,0.0,-2.34,268,204,0.0,0.069251599641575,-0.0001075875450624,0.2,0.5913427472114563,0.0,0.0352644249796867,6.257323548197746e-09,0.0001960639999999,2030.0,1,0.0003,5e-05
1563,256.0,419840,0.0,-2.16,268,205,0.0,0.0626778190700861,-0.0001092401858841,0.2,0.7002296447753906,0.0,0.0668667331337928,-5.820766091346741e-10,0.000195552,2040.0,1,0.0003,5e-05
1571,256.0,421888,0.0,-2.16,268,206,0.0,0.0122311879287735,-0.000111938259306,0.2,0.6886905431747437,0.0,0.0081544229760766,-3.9086444303393364e-08,0.0001950399999999,2050.0,1,0.0003,5e-05
1578,256.0,423936,0.0,-2.1,268,207,0.0,0.0249750366529042,-0.0001166717191154,0.2,0.5211227536201477,0.0,0.0148404547944664,4.889443516731261e-10,0.0001945279999999,2060.0,1,0.0003,5e-05
1586,256.0,425984,0.0,-2.28,268,208,0.0,0.0507396533386781,-0.0001199548675685,0.2,0.3608267903327942,0.0,0.0279371421784162,1.2619420886039736e-08,0.0001940159999999,2070.0,1,0.0003,5e-05
1594,256.0,428032,0.0,-2.26,268,209,0.0,0.0994170300516998,-0.0001257350391824,0.2,0.1735410690307617,0.0,0.0290737524628639,-1.1234078556299211e-08,0.000193504,2080.0,1,0.0003,5e-05
1601,256.0,430080,0.0,-2.4,268,210,0.0,0.0495604161202209,-0.0001298682431297,0.2,0.3848973512649536,0.0,0.0073012569919228,-1.7724232748150826e-08,0.0001929919999999,2090.0,1,0.0003,5e-05
1609,256.0,432128,0.0,-2.35,268,211,0.0,0.1124434863391798,-0.0001338286589088,0.2,0.619167685508728,0.0,0.0661391168832779,-3.5518314689397815e-08,0.0001924799999999,2100.0,1,0.0003,5e-05
1616,256.0,434176,0.0,-2.29,268,212,0.00011651707,0.0398013760452158,-8.822754289212753e-05,0.2,0.7757154703140259,0.000439453125,0.0414980463683605,-0.0005243190564215,0.0001919679999999,2110.0,1,0.0003,5e-05
1624,256.0,436224,0.0,-2.39,268,213,0.0,0.0213500227666372,-7.947742824399029e-05,0.2,0.8204194903373718,0.0,0.0023170639760792,6.28642737865448e-10,0.0001914559999999,2120.0,1,0.0003,5e-05
1632,256.0,438272,0.0,-2.41,268,214,0.0,0.2746568137488793,-8.04120812972542e-05,0.2,0.1273728013038635,0.0,0.2316632717847824,-8.672941476106643e-10,0.000190944,2130.0,1,0.0003,5e-05
1639,256.0,440320,0.0,-2.45,268,215,0.0,0.1796759766686591,-8.035424252739176e-05,0.2,0.5207043290138245,0.0,0.0103797139599919,-1.2689270079135895e-09,0.0001904319999999,2140.0,1,0.0003,5e-05
1647,256.0,442368,0.0,-2.39,268,216,0.0,0.0644082843355136,-8.03325378910813e-05,0.2,0.5400080680847168,0.0,0.0355975665152072,-1.5599653124809266e-09,0.0001899199999999,2150.0,1,0.0003,5e-05
1654,256.0,444416,0.0,-2.49,268,217,0.0,0.0195901907121879,-8.122188464767532e-05,0.2,0.9087895750999452,0.0,0.0083235930651426,-2.0954757928848267e-10,0.0001894079999999,2160.0,1,0.0003,5e-05
1662,256.0,446464,0.0,-2.57,268,218,0.0,0.0600522530454327,-8.795622043180628e-05,0.2,0.6685915589332581,0.0,0.0333129614591598,-2.6234192773699763e-08,0.0001888959999999,2170.0,1,0.0003,5e-05
1670,256.0,448512,0.0,-2.67,268,219,0.0,0.0570418007089756,-8.187656430891366e-05,0.2,0.7701026797294617,0.0,0.0168401841074228,-6.926711648702622e-10,0.0001883839999999,2180.0,1,0.0003,5e-05
1677,256.0,450560,0.0,-2.75,268,220,0.0,0.2340719866304425,-8.243255088018487e-05,0.2,0.1145104169845581,0.0,0.1539999693632125,-2.130400389432907e-09,0.0001878719999999,2190.0,1,0.0003,5e-05
1685,256.0,452608,0.0,-2.69,268,221,0.0,0.1917023711372167,-8.221876560128294e-05,0.2,0.6797918081283569,0.0,0.0796778351068496,-2.5669578462839127e-09,0.0001873599999999,2200.0,1,0.0003,5e-05
1692,256.0,454656,0.0,-2.61,268,222,0.0,0.034093691027374,-8.205398871723446e-05,0.2,0.7709144353866577,0.0,0.0139775099232792,2.2031599655747414e-09,0.0001868479999999,2210.0,1,0.0003,5e-05
1700,256.0,456704,0.0,-2.73,268,223,0.0,0.0385033559432486,-8.358514805877349e-05,0.2,0.8625269532203674,0.0,0.0158310309052467,-1.3684621080756189e-08,0.0001863359999999,2220.0,1,0.0003,5e-05
1707,256.0,458752,0.0,-2.74,268,224,0.0,0.0961164828186156,-9.049165855685714e-05,0.2,0.653586745262146,0.0,0.001316909212619,1.2066448107361794e-08,0.0001858239999999,2230.0,1,0.0003,5e-05
1715,256.0,460800,0.0,-2.72,268,225,0.0,0.0835041463549714,-8.413892928729182e-05,0.2,0.6353721618652344,0.0,0.0573464781045913,-1.7578713595867155e-09,0.0001853119999999,2240.0,1,0.0003,5e-05
1722,256.0,462848,0.0,-2.64,268,226,0.0,0.095967060312978,-8.385080363950692e-05,0.2,0.622658371925354,0.0,0.0784183740615844,-5.296897143125534e-10,0.0001847999999999,2250.0,1,0.0003,5e-05
1730,256.0,464896,0.0,-2.48,268,227,0.0,0.0450412503501866,-8.463668436888838e-05,0.2,0.7663095593452454,0.0,0.0297778248786926,1.5978002920746803e-09,0.0001842879999999,2260.0,1,0.0003,5e-05
1737,256.0,466944,0.0,-2.52,268,228,0.0,0.0422106525358685,-8.551840101063135e-05,0.2,0.7103691101074219,0.0,0.0242867395281791,-1.2805685400962828e-10,0.0001837759999999,2270.0,1,0.0003,5e-05
1745,256.0,468992,0.0,-2.58,268,229,0.0,0.0321140297106467,-8.688959542269004e-05,0.2,0.6750020980834961,0.0,0.0011697775917127,-7.39237293601036e-10,0.0001832639999999,2280.0,1,0.0003,5e-05
1752,256.0,471040,0.0,-2.46,268,230,0.0,0.107005017081974,-8.706160060683033e-05,0.2,0.4810323119163513,0.0,0.0578430481255054,-1.6414560377597806e-09,0.0001827519999999,2290.0,1,0.0003,5e-05
1760,256.0,473088,0.0,-2.4,268,231,0.0,0.0423724127693276,-8.791368900347152e-05,0.2,0.4852907657623291,0.0,0.0434952229261398,1.8975697457790376e-09,0.0001822399999999,2300.0,1,0.0003,5e-05
1767,256.0,475136,0.0,-2.3,268,232,0.0,0.0560355708832503,-8.861020578478928e-05,0.2,0.2713490128517151,0.0,0.0100418180227279,-2.440356183797121e-09,0.0001817279999999,2310.0,1,0.0003,5e-05
1775,256.0,477184,0.0,-2.32,268,233,0.0,0.0104783365852199,-8.979171543614939e-05,0.2,0.9043378829956056,0.0,0.0138900661841034,2.1734740585088732e-08,0.0001812159999999,2320.0,1,0.0003,5e-05
1782,256.0,479232,0.0,-2.42,268,234,0.0,0.1931915271037723,-9.065523918252438e-05,0.2,0.1314071416854858,0.0,0.1231544241309166,1.9790604710578918e-10,0.0001807039999999,2330.0,1,0.0003,5e-05
1790,256.0,481280,0.0,-2.36,268,235,0.0,0.0888889490743167,-9.138256791629829e-05,0.2,0.5413656830787659,0.0,0.0244189146906137,-1.3969838619232178e-09,0.0001801919999999,2340.0,1,0.0003,5e-05
1797,256.0,483328,0.0,-2.48,268,236,0.0,0.0564280179438355,-9.221196969519952e-05,0.2,0.6955186128616333,0.0,0.0419726558029651,-9.872019290924072e-09,0.00017968,2350.0,1,0.0003,5e-05
1805,256.0,485376,0.0,-2.48,268,237,0.0,0.1293862226535566,-9.216482676492888e-05,0.2,0.5236356258392334,0.0,0.0086320573464035,-4.423782229423523e-10,0.0001791679999999,2360.0,1,0.0003,5e-05
1812,256.0,487424,0.0,-2.42,268,238,0.0,0.0403373065957566,-9.358048937428976e-05,0.2,0.7545121908187866,0.0,0.0402729324996471,-2.1635787561535838e-08,0.0001786559999999,2370.0,1,0.0003,5e-05
1820,256.0,489472,0.0,-2.4,268,239,0.0,0.0151357413098594,-9.39901565288892e-05,0.2,0.8290053009986877,0.0,0.001015004585497,-1.1798692867159844e-08,0.0001781439999999,2380.0,1,0.0003,5e-05
1827,256.0,491520,0.0,-2.36,268,240,0.0,0.036436622194742,-9.70218060501793e-05,0.2,0.4992185235023498,0.0,0.0005162738380022,-2.4447217583656307e-10,0.0001776319999999,2390.0,1,0.0003,5e-05
1835,256.0,493568,0.0,-2.42,268,241,0.0,0.0251082795730326,-9.94607396023639e-05,0.2,0.6517289876937866,0.0,0.0145776728168129,-5.780020728707313e-09,0.0001771199999999,2400.0,1,0.0003,5e-05
1842,256.0,495616,0.0,-2.42,268,242,0.0,0.0712064839084632,-9.893034875858576e-05,0.2,0.6371226906776428,0.0,0.0712304934859275,-2.334127202630043e-09,0.0001766079999999,2410.0,1,0.0003,5e-05
1850,256.0,497664,0.0,-2.52,268,243,0.0,0.0880791625590063,-0.0001036032535012,0.2,0.4329950213432312,0.0,0.0327534824609756,-3.96394170820713e-09,0.0001760959999999,2420.0,1,0.0003,5e-05
1857,256.0,499712,0.0,-2.54,268,244,-3.6961865e-09,0.0768216736760223,-0.0001089634781237,0.2,0.4949907660484314,0.0,0.0089405169710516,7.82310962677002e-09,0.0001755839999999,2430.0,1,0.0003,5e-05
1865,256.0,501760,0.0,-2.58,268,245,0.0,0.0337252663797698,-0.0001033519345583,0.2,0.660893440246582,0.0,0.0200803410261869,-2.060551196336746e-09,0.000175072,2440.0,1,0.0003,5e-05
1872,256.0,503808,0.0,-2.52,269,246,0.0,0.0960746609431225,-0.0001069924129296,0.2,0.3629311919212341,0.0,0.071197934448719,-5.424953997135162e-09,0.0001745599999999,2450.0,1,0.0003,5e-05
1880,256.0,505856,0.0,-2.44,269,247,0.0,0.0692588373174658,-0.0001189353341032,0.2,0.402992844581604,0.0,0.0016185517888516,-5.331821739673614e-09,0.0001740479999999,2460.0,1,0.0003,5e-05
1887,256.0,507904,0.0,-2.4,269,248,0.0,0.0665445889433613,-0.0001172648638203,0.2,0.3652130365371704,0.0,0.0538894608616828,-2.2404128685593604e-08,0.000173536,2470.0,1,0.0003,5e-05
1895,256.0,509952,0.0,-2.36,269,249,0.0,0.1171873913728632,-0.0001142327659181,0.2,0.2736107110977173,0.0,0.0587480030953884,1.1728843674063684e-08,0.0001730239999999,2480.0,1,0.0003,5e-05
1902,256.0,512000,0.0,-2.32,269,250,0.0,0.0148819351910788,-0.0001199921947772,0.2,0.6734437346458435,0.0,0.0056191901676356,-5.1106326282024384e-08,0.000172512,2490.0,1,0.0003,5e-05
1910,256.0,514048,0.0,-2.5,269,251,0.0,0.0130172150409634,-0.0001269247655727,0.2,0.7624810934066772,0.0,8.62745800986886e-05,1.1327210813760755e-08,0.0001719999999999,2500.0,1,0.0003,5e-05
1917,256.0,516096,0.0,-2.54,269,252,0.0,0.2269965021056123,-0.0001258676269571,0.2,0.1142045855522155,0.0,0.0563593208789825,-6.170012056827544e-10,0.000171488,2510.0,1,0.0003,5e-05
1925,256.0,518144,0.0,-2.6,269,253,-1.4697434e-08,0.1711019111404312,-0.0001331110692262,0.2,0.0983551740646362,0.0,0.1572378575801849,-4.9348454922437665e-08,0.0001709759999999,2520.0,1,0.0003,5e-05
1932,256.0,520192,0.0,-2.62,269,254,-1.7462298e-10,0.0717625006167509,-0.0001439346780898,0.2,0.1452317237854004,0.0,0.0201870091259479,-2.2591848392039537e-08,0.0001704639999999,2530.0,1,0.0003,5e-05
1940,256.0,522240,0.0,-2.62,269,255,-1.4726538e-08,0.0595571378682507,-0.0001568605688589,0.2,0.2413406372070312,0.0,0.0003797169192694,-2.427259460091591e-09,0.000169952,2540.0,1,0.0003,5e-05
1947,256.0,524288,0.0,-2.58,269,256,0.0,0.1646879194420762,-0.0001631530085433,0.2,0.0368726253509521,0.0,0.0423986241221427,-1.8544960767030717e-08,0.0001694399999999,2550.0,1,0.0003,5e-05
1955,256.0,526336,0.0,-2.56,269,257,-7.450581e-09,0.1276806579757249,-0.000185987511395,0.2,0.0477746129035949,0.0,0.1195713058114051,-3.201421350240707e-09,0.000168928,2560.0,1,0.0003,5e-05
1963,256.0,528384,0.0,-2.72,269,258,-2.3457687e-08,0.0834429776630713,-0.0001858712857938,0.2,0.0636900663375854,0.0,0.0534190237522125,-5.669426172971726e-09,0.0001684159999999,2570.0,1,0.0003,5e-05
1970,256.0,530432,0.0,-2.66,269,259,-8.760253e-09,0.263924730871804,-0.0002016341008129,0.2,0.0747947096824646,0.0,0.1655658632516861,-2.8591603040695193e-08,0.000167904,2580.0,1,0.0003,5e-05
1978,256.0,532480,0.0,-2.5,269,260,-5.2095857e-08,0.0669808587656007,-0.0002259559592857,0.2,0.0938596725463867,0.0,0.0188124030828475,1.2805685400962831e-08,0.0001673919999999,2590.0,1,0.0003,5e-05
1985,256.0,534528,0.0,-2.8,269,261,-5.957554e-08,0.0044608601345771,-0.0002371435391978,0.2,0.6061959266662598,0.0,0.0036502736620604,-2.5925692170858385e-08,0.00016688,2600.0,1,0.0003,5e-05
1992,256.0,536576,0.0,-2.9,269,262,-3.760215e-08,0.524421729426831,-0.0002574323527369,0.2,0.0153605937957763,0.0,0.1218192502856254,-1.4028046280145643e-08,0.000166368,2610.0,1,0.0003,5e-05
2000,256.0,538624,0.0,-2.8,269,263,-5.820766e-11,0.1239025884889997,-0.0002834543953213,0.2,0.0501124262809753,0.0,0.0006759522948414,-8.591450750827789e-09,0.0001658559999999,2620.0,1,0.0003,5e-05
2008,256.0,540672,0.0,-2.84,269,264,-6.2282197e-09,0.0312755426712101,-0.000326783114724,0.2,0.1854645609855651,0.0,0.0002053265488939,9.988434612751008e-09,0.000165344,2630.0,1,0.0003,5e-05
2015,256.0,542720,0.0,-2.68,269,265,-4.118192e-08,0.1724221344920806,-0.0003837999422103,0.2,0.0577365159988403,0.0,0.0029851088766008,-7.724156603217124e-09,0.0001648319999999,2640.0,1,0.0003,5e-05
2023,256.0,544768,0.0,-2.74,269,266,-2.3195753e-08,0.0092007939790619,-0.0005327308732375,0.2,0.6929516792297363,0.0,0.0049197236075997,-1.2627860996872189e-06,0.0001643199999999,2650.0,1,0.0003,5e-05
2030,256.0,546816,0.0,-2.67,269,267,-2.3370376e-08,0.2131127217100584,-0.0008178602569387,0.2,0.03593510389328,0.0,0.0892553329467773,-2.2739404812455177e-07,0.0001638079999999,2660.0,1,0.0003,5e-05
2037,256.0,548864,0.0,-2.67,269,268,0.00010656292,0.0742316650255816,-0.0005346775018551,0.2,0.0978122949600219,0.000439453125,0.0331240445375442,-0.0008838005072902,0.0001632959999999,2670.0,1,0.0003,5e-05
2045,256.0,550912,0.0,-2.57,269,269,-7.450581e-09,0.0761590095062274,-0.0005318454226653,0.2,0.1357029676437378,0.0,0.06248414888978,-2.6116613298654557e-07,0.0001627839999999,2680.0,1,0.0003,5e-05
2053,256.0,552960,0.0,-2.41,269,270,-1.4115358e-08,0.0383998294861157,-0.0005265207029879,0.2,0.133704125881195,0.0,0.0467606782913208,-1.534644979983568e-08,0.0001622719999999,2690.0,1,0.0003,5e-05
2061,256.0,555008,0.0,-2.33,269,271,-1.3940735e-08,0.0395850988323218,-0.0005520415252249,0.2,0.4797618389129638,0.0,0.0303681325167417,-7.884926162660122e-07,0.0001617599999999,2700.0,1,0.0003,5e-05
2068,256.0,557056,0.0,-2.33,269,272,-2.2206223e-08,0.0470578897176892,-0.0005974739928205,0.2,0.2740551233291626,0.0,0.0237594936043024,-3.780820406973362e-07,0.0001612479999999,2710.0,1,0.0003,5e-05
2075,256.0,559104,0.0,-2.49,269,273,-1.3096724e-08,0.0196196066157426,-0.0006610472628381,0.2,0.5092698335647583,0.0,0.0010815243003889,-1.8346472643315793e-07,0.0001607359999999,2720.0,1,0.0003,5e-05
2083,256.0,561152,0.0,-2.27,269,274,-7.450581e-09,0.2256827317469287,-0.0005481910236994,0.2,0.0568206310272216,0.0,0.2380682528018951,-7.169437594711782e-08,0.0001602239999999,2730.0,1,0.0003,5e-05
2090,256.0,563200,0.0,-2.35,269,275,-1.5017577e-08,0.0350475765619194,-0.0006508095801109,0.2,0.3250375390052795,0.0,0.0020015023183077,-7.940107025206089e-07,0.0001597119999999,2740.0,1,0.0003,5e-05
2098,256.0,565248,0.0,-2.39,269,276,-4.391768e-08,0.1312888208405638,-0.0006749095482518,0.2,0.1080966591835022,0.0,0.0799836590886116,-2.277083694934845e-07,0.0001591999999999,2750.0,1,0.0003,5e-05
2105,256.0,567296,0.0,-2.43,269,277,0.00014672524,0.1324324530782178,-0.0004839466058911,0.2,0.2306417226791381,0.00087890625,0.0610494390130043,-0.0016244787897448,0.0001586879999999,2760.0,1,0.0003,5e-05
2113,256.0,569344,0.0,-2.57,269,278,-2.8230716e-09,0.2007405747601297,-0.0004859741344262,0.2,0.1925174593925476,0.0,0.206275925040245,-4.5236083678901206e-07,0.0001581759999999,2770.0,1,0.0003,5e-05
2120,256.0,571392,0.0,-2.46,269,279,-1.4755642e-08,0.23596103550517,-0.000478317465604,0.2,0.2102245092391967,0.0,0.060681726783514,-2.8405338525772098e-08,0.000157664,2780.0,1,0.0003,5e-05
2128,256.0,573440,0.0,-2.4,269,280,-7.479684e-09,0.0323418961925199,-0.0004831542137253,0.2,0.610281229019165,0.0,0.0039638830348849,-9.667361155152322e-07,0.0001571519999999,2790.0,1,0.0003,5e-05
2135,256.0,575488,0.0,-2.44,269,281,-4.627509e-09,0.0092270005958198,-0.0004907484450086,0.2,0.6877455115318298,0.0,0.0021698370110243,-7.648777682334185e-07,0.00015664,2800.0,1,0.0003,5e-05
2143,256.0,577536,0.0,-2.5,269,282,0.0003303849,0.1610294960904866,-0.0002534220333473,0.2,0.0929571390151977,0.000830078125,0.0873198583722114,-0.0014505804690998,0.0001561279999999,2810.0,1,0.0003,5e-05
2150,256.0,579584,0.0,-2.42,269,283,-7.363269e-09,0.0277015964949896,-0.0002249627239507,0.2,0.2041733860969543,0.0,0.0164895318448543,-3.7759309634566316e-08,0.0001556159999999,2820.0,1,0.0003,5e-05
2158,256.0,581632,0.0,-2.44,269,284,0.0,0.0096067874524123,-0.000243789621345,0.2,0.6538593173027039,0.0,0.0211461167782545,-2.4106702767312525e-08,0.0001551039999999,2830.0,1,0.0003,5e-05
2165,256.0,583680,0.0,-2.46,269,285,-7.566996e-10,0.0180071233276976,-0.0002310972726263,0.2,0.4157729148864746,0.0,0.0009614847949706,-8.819624781608583e-08,0.0001545919999999,2840.0,1,0.0003,5e-05
2173,256.0,585728,0.0,-2.44,269,286,-7.450581e-09,0.0768121724657248,-0.0002327766313101,0.2,0.1328711509704589,0.0,0.106257177889347,-2.3189932107925417e-08,0.00015408,2850.0,1,0.0003,5e-05
2181,256.0,587776,0.0,-2.53,269,287,0.0,0.2670868903049267,-0.0002335827723072,0.2,0.0790850520133972,0.0,0.1718208640813827,3.492459654808044e-09,0.0001535679999999,2860.0,1,0.0003,5e-05
2188,256.0,589824,0.0,-2.59,269,288,3.9218925e-05,0.2046580547234043,-0.0001798545921701,0.2,0.1550354957580566,0.000439453125,0.0530069097876548,-0.0005229289410635,0.000153056,2870.0,1,0.0003,5e-05
2196,256.0,591872,0.0,-2.55,269,289,0.0,0.1119644975842675,-0.0001801059950594,0.2,0.0978303551673889,0.0,0.0123082073405385,1.699663698673248e-09,0.0001525439999999,2880.0,1,0.0003,5e-05
2203,256.0,593920,0.0,-2.53,269,290,0.0,0.0746045416803099,-0.0001652702994761,0.2,0.0938592553138732,0.0,0.0338911972939968,-2.5494955480098723e-09,0.000152032,2890.0,1,0.0003,5e-05
2210,256.0,595968,0.0,-2.51,269,291,0.0,0.06072446168655,-0.0001651695840337,0.2,0.1759390234947204,0.0,0.0375205278396606,-1.658918336033821e-08,0.0001515199999999,2900.0,1,0.0003,5e-05
2218,256.0,598016,0.0,-2.67,269,292,0.0,0.2963522979058325,-0.0001804057543267,0.2,0.0796672701835632,0.0,0.2308970987796783,-6.059417501091957e-09,0.0001510079999999,2910.0,1,0.0003,5e-05
2225,256.0,600064,0.0,-2.58,269,293,0.0,0.1869770305347629,-0.0001674282932071,0.2,0.1248871684074401,0.0,0.0712747424840927,5.820766091346741e-10,0.000150496,2920.0,1,0.0003,5e-05
2233,256.0,602112,0.0,-2.71,269,294,0.0,0.0082175709172588,-0.0001748193642924,0.2,0.8404852747917175,0.0,0.001564851263538,-5.500623956322671e-10,0.0001499839999999,2930.0,1,0.0003,5e-05
2240,256.0,604160,0.0,-2.83,269,295,0.0,0.3009080478921532,-0.0001698066018434,0.2,0.0651081204414367,0.0,0.0390838719904422,-3.1432136893272404e-09,0.000149472,2940.0,1,0.0003,5e-05
2248,256.0,606208,0.0,-2.97,269,296,0.0,0.0654909670498455,-0.0001769786151271,0.2,0.2975826859474182,0.0,0.0397080890834331,-1.8568243831396102e-09,0.0001489599999999,2950.0,1,0.0003,5e-05
2255,256.0,608256,0.0,-3.05,269,297,0.0,0.1182239690329879,-0.0001709799878881,0.2,0.2759836316108703,0.0,0.0261497367173433,-5.5867712944746015e-08,0.000148448,2960.0,1,0.0003,5e-05
2262,256.0,610304,0.0,-2.95,269,298,0.0,0.078545989797567,-0.0001802678425519,0.2,0.2121342420578003,0.0,0.0901621282100677,-1.7014099285006524e-08,0.000147936,2970.0,1,0.0003,5e-05
2270,256.0,612352,0.0,-3.06,269,299,0.0,0.1055561861547175,-0.0001709064510578,0.2,0.1505884528160095,0.0,0.0305730160325765,-5.174661055207253e-09,0.000147424,2980.0,1,0.0003,5e-05
2277,256.0,614400,0.0,-3.0,269,300,0.0,0.1216725152073195,-0.0001825740955609,0.2,0.189033031463623,0.0,0.0996102541685104,-6.373738870024681e-09,0.000146912,2990.0,1,0.0003,5e-05
2285,256.0,616448,0.0,-2.96,269,301,0.0,0.1186765307604218,-0.0001720274151011,0.2,0.1525022387504577,0.0,0.0260946601629257,5.180481821298598e-10,0.0001464,3000.0,1,0.0003,5e-05
2292,256.0,618496,0.0,-2.98,269,302,0.0,0.1268661371155758,-0.0001641273620407,0.2,0.0786045789718627,0.0,0.0653566867113113,1.0069925338029862e-09,0.000145888,3010.0,1,0.0003,5e-05
2300,256.0,620544,0.0,-2.82,269,303,0.0,0.0807682987244334,-0.0001707734028968,0.2,0.3091506958007812,0.0,0.0103451404720544,-1.32131390273571e-09,0.0001453759999999,3020.0,1,0.0003,5e-05
2307,256.0,622592,0.0,-2.66,269,304,0.0,0.0578135122850653,-0.0001630524222491,0.2,0.2579396367073059,0.0,0.0021996775176376,-9.23173502087593e-09,0.000144864,3030.0,1,0.0003,5e-05
2315,256.0,624640,0.0,-2.84,269,305,0.0,0.052211593066022,-0.0001872224011094,0.2,0.5886706113815308,0.0,0.0372594557702541,-3.771856427192688e-08,0.0001443519999999,3040.0,1,0.0003,5e-05
2322,256.0,626688,0.0,-2.76,269,306,0.0,0.1498626248852815,-0.0001817019832742,0.2,0.2437468767166137,0.0,0.1200253218412399,-3.026798367500305e-09,0.0001438399999999,3050.0,1,0.0003,5e-05
2329,256.0,628736,0.0,-2.76,269,307,0.0,0.0439015920826932,-0.0001768707581504,0.2,0.5866552591323853,0.0,0.0091494582593441,-1.6923877410590652e-08,0.0001433279999999,3060.0,1,0.0003,5e-05
2337,256.0,630784,0.0,-2.7,269,308,0.0,0.073695837840205,-0.0001689242946667,0.2,0.334568977355957,0.0,0.0609190985560417,1.5017576515674591e-09,0.0001428159999999,3070.0,1,0.0003,5e-05
2344,256.0,632832,0.0,-3.0,269,309,0.0,0.0671165610358002,-0.000171037085056,0.2,0.2726730108261108,0.0,0.0350820310413837,-6.111804395914078e-09,0.0001423039999999,3080.0,1,0.0003,5e-05
2352,256.0,634880,0.0,-2.94,269,310,0.0,0.4188817088026553,-0.00019522823859,0.2,0.1108758449554443,0.0,0.0845308974385261,-3.0267983675003053e-10,0.000141792,3090.0,1,0.0003,5e-05
2360,256.0,636928,0.0,-2.88,269,311,0.0,0.0940685813482559,-0.0001972783646124,0.2,0.2109819054603576,0.0,0.0209988802671432,-2.980232238769531e-09,0.0001412799999999,3100.0,1,0.0003,5e-05
2367,256.0,638976,0.0,-2.9,269,312,0.0,0.0276164686656557,-0.0001729895349853,0.2,0.8110514879226685,0.0,0.0077700023539364,-5.3062103688716896e-08,0.0001407679999999,3110.0,1,0.0003,5e-05
2375,256.0,641024,0.0,-2.94,269,313,0.0,0.2562343850760953,-0.0001989011112527,0.2,0.3547725677490234,0.0,0.2761472761631012,-7.852213457226754e-09,0.0001402559999999,3120.0,1,0.0003,5e-05
2382,256.0,643072,0.0,-2.98,269,314,0.0,0.1030676591675728,-0.0001747800995872,0.2,0.5688333511352539,0.0,0.0214716885238885,-1.7951242625713347e-08,0.0001397439999999,3130.0,1,0.0003,5e-05
2390,256.0,645120,0.0,-3.06,269,315,0.0,0.1438033528509549,-0.0001956543032065,0.2,0.4176411032676697,0.0,0.0386086702346801,-2.782326191663742e-09,0.0001392319999999,3140.0,1,0.0003,5e-05
2397,256.0,647168,0.0,-3.06,269,316,0.0,0.0466849394899327,-0.0001631711951631,0.2,0.5596936941146851,0.0,0.011224104091525,3.4924596548080444e-10,0.0001387199999999,3150.0,1,0.0003,5e-05
2405,256.0,649216,0.0,-3.1,269,317,0.0,0.050743541560223,-0.0001845454626163,0.2,0.5286778807640076,0.0,0.0138483727350831,1.094304025173187e-09,0.000138208,3160.0,1,0.0003,5e-05
2412,256.0,651264,0.0,-3.04,269,318,0.0,0.1232236383366398,-0.0001994668937186,0.2,0.4299625158309936,0.0,0.1469822376966476,-9.807990863919259e-10,0.0001376959999999,3170.0,1,0.0003,5e-05
2419,256.0,653312,0.0,-3.12,269,319,0.0,0.0166482742824882,-0.0001892711037726,0.2,0.7452998757362366,0.0,0.005723473150283,-1.5064142644405366e-08,0.000137184,3180.0,1,0.0003,5e-05
2427,256.0,655360,0.0,-3.16,269,320,0.0,0.0783159639104269,-0.0002000750480874,0.2,0.7850953340530396,0.0,0.0196287278085947,-2.5687040761113167e-08,0.0001366719999999,3190.0,1,0.0003,5e-05
2434,256.0,657408,0.0,-2.98,269,321,0.0,0.1886514829937368,-0.0001834058191889,0.2,0.5485509037971497,0.0,0.177375391125679,-6.57397322356701e-08,0.0001361599999999,3200.0,1,0.0003,5e-05
2442,256.0,659456,0.0,-3.0,270,322,0.0,0.0583027152679278,-0.0001838786720327,0.2,0.6732693910598755,0.0,0.0005402556271292,5.628680810332298e-09,0.0001356479999999,3210.0,1,0.0003,5e-05
2449,256.0,661504,0.0,-3.18,270,323,0.0,0.2974446672247722,-0.0001984508913665,0.2,0.3598312735557556,0.0,0.1929183155298233,-8.381903171539306e-10,0.0001351359999999,3220.0,1,0.0003,5e-05
2457,256.0,663552,0.0,-3.2,270,324,0.0,0.30760637675412,-0.0001852014544056,0.2,0.3395000100135803,0.0,0.1477532982826233,-1.5739351511001586e-08,0.000134624,3230.0,1,0.0003,5e-05
2464,256.0,665600,0.0,-3.02,270,325,0.0,0.0942795231414493,-0.0001826976278607,0.2,0.5987433195114136,0.0,0.0776853635907173,-1.280568540096283e-09,0.0001341119999999,3240.0,1,0.0003,5e-05
2471,256.0,667648,0.0,-3.24,270,326,0.0,0.0768813521426636,-0.0001756077115715,0.2,0.5983291864395142,0.0,0.040963590145111,-3.702007234096527e-08,0.0001336,3250.0,1,0.0003,5e-05
2479,256.0,669696,0.0,-3.12,270,327,0.0,0.255120626615826,-0.0001782950730557,0.2,0.320305585861206,0.0,0.1323058307170868,-5.436595529317856e-09,0.0001330879999999,3260.0,1,0.0003,5e-05
2486,256.0,671744,0.0,-3.24,270,328,0.0,0.0988799286540597,-0.0001892301168481,0.2,0.5118685960769653,0.0,0.0025644616689532,-3.364402800798416e-08,0.000132576,3270.0,1,0.0003,5e-05
2494,256.0,673792,0.0,-3.34,270,329,0.0,0.3220154652022756,-0.0001846573626608,0.2,0.262287974357605,0.0,0.1249104365706443,2.8812792152166367e-09,0.000132064,3280.0,1,0.0003,5e-05
2501,256.0,675840,0.0,-3.32,270,330,0.0,0.2183369976235553,-0.0002051215185929,0.2,0.294607937335968,0.0,0.0394514240324497,-1.2654345482587816e-08,0.000131552,3290.0,1,0.0003,5e-05
2509,256.0,677888,0.0,-3.46,270,331,0.0,0.0896343281507142,-0.0001924328696986,0.2,0.5195695161819458,0.0,0.1073779836297035,1.3702083379030228e-08,0.00013104,3300.0,1,0.0003,5e-05
2516,256.0,679936,0.0,-3.4,270,332,0.0,0.1748977510666009,-0.0002246494294013,0.2,0.3015416264533996,0.0,0.0584449879825115,5.704350769519805e-10,0.0001305279999999,3310.0,1,0.0003,5e-05
2524,256.0,681984,0.0,-3.3,270,333,0.0,0.0062705345430003,-0.0002211473511124,0.2,0.9353986978530884,0.0,0.0111774476245045,-6.397604010999202e-08,0.000130016,3320.0,1,0.0003,5e-05
2532,256.0,684032,0.0,-3.18,270,334,-1.891749e-09,0.0297522904053039,-0.0002266026844154,0.2,0.770729660987854,0.0,0.0006613067816942,-1.330510713160038e-07,0.0001295039999999,3330.0,1,0.0003,5e-05
2539,256.0,686080,0.0,-2.86,270,335,-2.3166649e-08,0.0144233998689742,-0.000225680836229,0.2,0.9172532558441162,0.0,0.0075531555339694,-1.8154096323996784e-07,0.000128992,3340.0,1,0.0003,5e-05
2547,256.0,688128,0.0,-2.88,270,336,-1.9412255e-08,0.0274175797741918,-0.0002452761476888,0.2,0.7643047571182251,0.0,0.0096703339368104,-7.58154783397913e-08,0.00012848,3350.0,1,0.0003,5e-05
2554,256.0,690176,0.0,-2.94,270,337,0.0,0.103200295305578,-0.0002301324635482,0.2,0.4743967652320862,0.0,0.0289642978459596,-5.145557224750519e-09,0.000127968,3360.0,1,0.0003,5e-05
2562,256.0,692224,0.0,-2.86,270,338,0.0,0.0992401615279959,-0.0002080232650769,0.2,0.5249571800231934,0.0,0.0565578378736972,-3.655441105365753e-09,0.000127456,3370.0,1,0.0003,5e-05
2570,256.0,694272,0.0,-2.72,270,339,0.0,0.1478336267988197,-0.0002586347189208,0.2,0.3881717920303345,0.0,0.0072404919192194,-2.0442530512809753e-08,0.000126944,3380.0,1,0.0003,5e-05
2577,256.0,696320,0.0,-2.7,270,340,-7.508788e-09,0.0679517085773113,-0.0002499036630979,0.2,0.4650129675865173,0.0,0.0628194585442543,-2.6810448616743092e-08,0.000126432,3390.0,1,0.0003,5e-05
2585,256.0,698368,0.0,-2.74,270,341,-7.450581e-09,0.0251284517231397,-0.0002447529017445,0.2,0.8549330830574036,0.0,0.0076982704922556,-8.127826731652022e-08,0.00012592,3400.0,1,0.0003,5e-05
2592,256.0,700416,0.0,-2.5,270,342,0.0,0.2760897648404352,-0.0002477189871569,0.2,0.3096143007278442,0.0,0.1876168102025985,-6.2515027821064e-09,0.000125408,3410.0,1,0.0003,5e-05
2600,256.0,702464,0.0,-2.36,270,343,-3.7282007e-08,0.0017933359833477,-0.0002710908476728,0.2,0.7360531091690063,0.0,0.0019214283674955,-1.2890668585896494e-07,0.000124896,3420.0,1,0.0003,5e-05
2607,256.0,704512,0.0,-2.38,270,344,0.0,0.030407037939949,-0.0002648142566613,0.2,0.6968459486961365,0.0,0.0003614989982452,3.1496165320277215e-08,0.0001243839999999,3430.0,1,0.0003,5e-05
2614,256.0,706560,0.0,-2.46,270,345,-8.265488e-09,0.1866705065913265,-0.0003025879315828,0.2,0.0489209294319152,0.0,0.2113108485937118,-9.080395102500916e-09,0.0001238719999999,3440.0,1,0.0003,5e-05
2622,256.0,708608,0.0,-2.6,270,346,0.0,0.0494939940115728,-0.0003136935360089,0.2,0.2713131308555603,0.0,0.0979589521884918,-6.123445928096771e-09,0.0001233599999999,3450.0,1,0.0003,5e-05
2629,256.0,710656,0.0,-2.64,270,347,0.0,0.2169047915493138,-0.0002888735150918,0.2,0.1423436999320984,0.0,0.2358318269252777,-1.8527498468756676e-08,0.0001228479999999,3460.0,1,0.0003,5e-05
2637,256.0,712704,0.0,-2.64,270,348,0.0,0.0525562034836184,-0.0002937357621703,0.2,0.3855757117271423,0.0,0.0125577161088585,-5.101901479065418e-09,0.000122336,3470.0,1,0.0003,5e-05
2644,256.0,714752,0.0,-2.78,270,349,0.0,0.0502324092089111,-0.0003037828890228,0.2,0.4527828097343445,0.0,0.0380685180425643,-6.47050910629332e-08,0.0001218239999999,3480.0,1,0.0003,5e-05
2652,256.0,716800,0.0,-2.64,270,350,-1.4551915e-10,0.3028730618883856,-0.0002889415052777,0.2,0.3601276874542236,0.0,0.0393029488623142,-1.0436633601784708e-08,0.0001213119999999,3490.0,1,0.0003,5e-05
2659,256.0,718848,0.0,-2.74,270,351,-2.9802322e-08,0.0220841181149808,-0.000309297669446,0.2,0.8017947673797607,0.0,0.0016500580823048,-2.466142177581787e-07,0.0001207999999999,3500.0,1,0.0003,5e-05
2667,256.0,720896,0.0,-2.78,270,352,-7.188646e-09,0.230622873629909,-0.0003521913964505,0.2,0.1655457019805908,0.0,0.109317809343338,7.392372936010361e-09,0.0001202879999999,3510.0,1,0.0003,5e-05
2675,256.0,722944,0.0,-2.78,270,353,0.0,0.0832455756317358,-0.0003747230701264,0.2,0.6428930163383484,0.0,0.0058983732014894,-3.958120942115784e-09,0.0001197759999999,3520.0,1,0.0003,5e-05
2682,256.0,724992,0.0,-3.03,270,354,-1.4610123e-08,0.0813698357211251,-0.0003444475642027,0.2,0.6273729801177979,0.0,0.059503436088562,-2.532033249735832e-08,0.0001192639999999,3530.0,1,0.0003,5e-05
2690,256.0,727040,0.0,-3.17,270,355,7.0743175e-05,0.3890133557841181,-0.0002582799939773,0.2,0.3648361563682556,0.000439453125,0.0874585658311843,-0.000393385393545,0.0001187519999999,3540.0,1,0.0003,5e-05
2698,256.0,729088,0.0,-3.21,270,356,0.0,0.0989499523297126,-0.0002685776573343,0.2,0.6183516979217529,0.0,0.0005612308741547,-4.098983481526375e-08,0.0001182399999999,3550.0,1,0.0003,5e-05
2706,256.0,731136,0.0,-3.15,270,357,0.0,0.0281469785855733,-0.0002281361983477,0.2,0.9157323837280272,0.0,0.0009783973218873,-3.5337870940566064e-08,0.000117728,3560.0,1,0.0003,5e-05
2713,256.0,733184,0.0,-3.01,270,358,-2.910383e-11,0.1325546812917309,-0.0002654283929587,0.2,0.0056746006011962,0.0,0.0668967366218566,-1.1385418474674225e-08,0.0001172159999999,3570.0,1,0.0003,5e-05
2721,256.0,735232,0.0,-3.03,270,359,0.0,0.0635272465573507,-0.000272357427093,0.2,0.1987617015838623,0.0,0.0096694650128483,5.704350769519805e-10,0.000116704,3580.0,1,0.0003,5e-05
2728,256.0,737280,0.0,-3.17,270,360,0.0,0.0919862568041935,-0.0002748298626102,0.2,0.167825162410736,0.0,0.0206443089991807,-9.540235623717308e-09,0.0001161919999999,3590.0,1,0.0003,5e-05
2735,256.0,739328,0.0,-3.05,270,361,0.0,0.0840547458385117,-0.0002550337474531,0.2,0.6056627631187439,0.0,0.0377486534416675,-1.658918336033821e-08,0.0001156799999999,3600.0,1,0.0003,5e-05
2743,256.0,741376,0.0,-3.11,270,362,0.0,0.0413617867045104,-0.0003185926503647,0.2,0.914162576198578,0.0,0.0173352379351854,-3.4994445741176614e-08,0.0001151679999999,3610.0,1,0.0003,5e-05
2751,256.0,743424,0.0,-3.17,270,363,0.0,0.1890687309321947,-0.0002944898962596,0.2,0.3012517094612121,0.0,0.0097075132653117,-7.508788257837296e-09,0.0001146559999999,3620.0,1,0.0003,5e-05
2758,256.0,745472,0.0,-3.17,270,364,0.0,0.1270892452448606,-0.0002891709234972,0.2,0.6406909823417664,0.0,0.0040031010285019,-4.062894731760025e-09,0.000114144,3630.0,1,0.0003,5e-05
2766,256.0,747520,0.0,-3.01,270,365,0.0,0.0702997521326324,-0.0003165586724207,0.2,0.2988744378089905,0.0,0.0065396651625633,3.6653364077210436e-08,0.0001136319999999,3640.0,1,0.0003,5e-05
2773,256.0,749568,0.0,-2.74,270,366,0.0,0.034254663046704,-0.0002991335946717,0.2,0.7434993982315063,0.0,0.0088468352332711,-3.820750862360001e-08,0.00011312,3650.0,1,0.0003,5e-05
2781,256.0,751616,0.0,-2.62,270,367,0.0,0.1482471116079978,-0.000320408972766,0.2,0.4379283189773559,0.0,0.1368599086999893,-2.5215558707714083e-08,0.0001126079999999,3660.0,1,0.0003,5e-05
2789,256.0,753664,0.0,-2.68,270,368,-1.4551915e-10,0.0089143848275853,-0.0002874051202525,0.2,0.915712296962738,0.0,0.0001706376206129,-1.3394164852797985e-07,0.000112096,3670.0,1,0.0003,5e-05
2796,256.0,755712,0.0,-2.62,270,369,-7.508788e-09,0.0944425422661879,-0.000378172103592,0.2,0.445885419845581,0.0,0.0840087085962295,6.01867213845253e-09,0.000111584,3680.0,1,0.0003,5e-05
2804,256.0,757760,0.0,-2.74,270,370,-4.1909516e-08,0.0605672474820039,-0.0003383777882845,0.2,0.0246468186378479,0.0,0.0181603487581014,-4.967441782355309e-08,0.0001110719999999,3690.0,1,0.0003,5e-05
2811,256.0,759808,0.0,-2.84,270,371,-2.0081643e-09,0.0977927221043501,-0.0002807282715366,0.2,0.6989115476608276,0.0,0.0578043945133686,-2.9435614123940467e-08,0.00011056,3700.0,1,0.0003,5e-05
2819,256.0,761856,0.0,-3.06,270,372,0.0,0.2308983786730095,-0.0003852584290143,0.2,0.296268880367279,0.0,0.0228506606072187,-1.979060471057892e-09,0.0001100479999999,3710.0,1,0.0003,5e-05
2826,256.0,763904,0.0,-3.12,270,373,0.0,0.2266835375223309,-0.0003441328830376,0.2,0.7047417163848877,0.0,0.2822765111923218,-2.4132896214723592e-08,0.000109536,3720.0,1,0.0003,5e-05
2834,256.0,765952,0.0,-3.3,270,374,-7.4214768e-09,0.0953257448338263,-0.0003754058525373,0.2,0.5989417433738708,0.0,0.0592094361782074,-1.820735633373261e-08,0.0001090239999999,3730.0,1,0.0003,5e-05
2841,256.0,768000,0.0,-3.03,270,375,-1.1903467e-08,0.2246303454390727,-0.0003594599464122,0.2,0.6278191804885864,0.0,0.0978831201791763,-4.619942046701909e-08,0.000108512,3740.0,1,0.0003,5e-05
2849,256.0,770048,0.0,-2.97,270,376,5.5270008e-05,0.0282159952359506,-0.000315930418219,0.2,0.2509156465530395,0.000439453125,0.0074558048509061,-0.000551156385336,0.000108,3750.0,1,0.0003,5e-05
2856,256.0,772096,0.0,-3.21,270,377,0.0,0.0232560832257149,-0.0002699372675124,0.2,0.9301567673683168,0.0,0.0094684669747948,-6.430782377719879e-08,0.000107488,3760.0,1,0.0003,5e-05
2864,256.0,774144,0.0,-3.29,270,378,0.0,0.1210803065827349,-0.0002493791462256,0.2,0.6806360483169556,0.0,0.0514845699071884,-2.1309824660420422e-08,0.0001069759999999,3770.0,1,0.0003,5e-05
2871,256.0,776192,0.0,-3.39,270,379,0.0,0.2739885980496183,-0.0003013626028405,0.2,0.5672155022621155,0.0,0.1475801169872284,-9.353971108794212e-09,0.0001064639999999,3780.0,1,0.0003,5e-05
2879,256.0,778240,0.0,-3.35,270,380,0.0,0.0173031904487288,-0.0002839269975083,0.2,0.7370301485061646,0.0,0.0153822535648942,3.9732549339532853e-08,0.0001059519999999,3790.0,1,0.0003,5e-05
2886,256.0,780288,0.0,-3.31,270,381,0.0,0.0452568518325279,-0.0003230323047318,0.2,0.3827755451202392,0.0,0.0070128650404512,-1.2303644325584172e-08,0.0001054399999999,3800.0,1,0.0003,5e-05
2894,256.0,782336,0.0,-3.39,270,382,0.0,0.0592344719927496,-0.0003160000291245,0.2,0.3352653384208679,0.0,0.0065456591546535,-3.6801793612539775e-08,0.000104928,3810.0,1,0.0003,5e-05
2901,256.0,784384,0.0,-3.31,270,383,-2.910383e-11,0.0234109236989752,-0.0003120889603451,0.2,0.7814620733261108,0.0,0.013565675355494,2.8777867555618285e-08,0.0001044159999999,3820.0,1,0.0003,5e-05
2909,256.0,786432,0.0,-3.13,270,384,0.0,0.0601571568346116,-0.0003182428543368,0.2,0.3203596472740173,0.0,0.0409967452287673,2.922024577856064e-09,0.000103904,3830.0,1,0.0003,5e-05
2917,256.0,788480,0.0,-3.07,270,385,0.0,0.0428207968136121,-0.0002870302432711,0.2,0.5079407691955566,0.0,0.0045095803216099,1.1868542060256005e-08,0.0001033919999999,3840.0,1,0.0003,5e-05
2924,256.0,790528,0.0,-2.91,270,386,0.0,0.1763531132251955,-0.0003207154219126,0.2,0.6994396448135376,0.0,0.1048133000731468,-2.2290623746812343e-08,0.00010288,3850.0,1,0.0003,5e-05
2932,256.0,792576,0.0,-3.07,270,387,-7.4214768e-09,0.0149743771085923,-0.0003021633623575,0.2,0.9003026485443115,0.0,0.013209881260991,-4.58909198641777e-08,0.0001023679999999,3860.0,1,0.0003,5e-05
2939,256.0,794624,0.0,-3.16,270,388,0.0,0.1480460286256857,-0.0003330918418214,0.2,0.8225832581520081,0.0,0.0175334010273218,-7.165072020143272e-08,0.000101856,3870.0,1,0.0003,5e-05
2947,256.0,796672,0.0,-3.22,270,389,0.0,0.1353538864757865,-0.0003674888877867,0.2,0.7650526762008667,0.0,0.0257201362401247,2.108863554894924e-08,0.0001013439999999,3880.0,1,0.0003,5e-05
2954,256.0,798720,0.0,-3.16,270,390,0.0,0.1654913121717982,-0.0003598375169531,0.2,0.1996066570281982,0.0,0.0624887906014919,-4.889443516731261e-10,0.0001008319999999,3890.0,1,0.0003,5e-05
2961,256.0,800768,0.0,-3.06,270,391,0.0,0.1854336289688944,-0.000342956021268,0.2,0.5665615797042847,0.0,0.0157088618725538,1.32131390273571e-09,0.0001003199999999,3900.0,1,0.0003,5e-05
2968,256.0,802816,0.0,-2.94,270,392,0.0,0.0324574439815478,-0.000333744226009,0.2,0.8873627185821533,0.0,0.0189250092953443,-2.026208676397801e-08,9.980799999999998e-05,3910.0,1,0.0003,5e-05
2976,256.0,804864,0.0,-2.96,270,393,-2.7706847e-08,0.0093201542993483,-0.0003484190314338,0.2,0.9453734755516052,0.0,0.0006819342961534,-1.859298208728433e-07,9.9296e-05,3920.0,1,0.0003,5e-05
2983,256.0,806912,0.0,-3.02,270,394,-2.910383e-11,0.0143597499118186,-0.000378897578048,0.2,0.8296058773994446,0.0,0.0025761304423213,2.1245796233415604e-09,9.878399999999998e-05,3930.0,1,0.0003,5e-05
2991,256.0,808960,0.0,-3.16,270,395,0.0,0.0879269325727364,-0.0003879542946378,0.2,0.7528194785118103,0.0,0.0525663644075393,-2.109096385538578e-07,9.8272e-05,3940.0,1,0.0003,5e-05
2998,256.0,811008,0.0,-3.06,270,396,0.0,0.1911111726658418,-0.0003322063246741,0.2,0.7121009826660156,0.0,0.0052313446067273,-1.8568243831396103e-08,9.776e-05,3950.0,1,0.0003,5e-05
3006,256.0,813056,0.0,-3.16,270,397,0.0,0.0122686266757227,-0.0004022488363261,0.2,0.5934046506881714,0.0,5.7236928114434704e-05,-2.3291795514523985e-08,9.7248e-05,3960.0,1,0.0003,5e-05
3014,256.0,815104,0.0,-3.14,270,398,0.0,0.2020998068386688,-0.0003604054174502,0.2,0.2814210653305053,0.0,0.0128219258040189,-3.484310582280159e-08,9.6736e-05,3970.0,1,0.0003,5e-05
3021,256.0,817152,0.0,-3.16,270,399,-1.5686965e-08,0.1015048938512336,-0.0003858016341837,0.2,0.8321447372436523,0.0,0.0559873655438423,-1.3868557289242744e-07,9.622399999999998e-05,3980.0,1,0.0003,5e-05
3029,256.0,819200,0.0,-3.27,270,400,-8.731149e-11,0.0994343921251129,-0.0004015681275632,0.2,0.7848709225654602,0.0,0.154331088066101,-2.9016518965363506e-08,9.5712e-05,3990.0,1,0.0003,5e-05
3036,256.0,821248,0.0,-3.03,270,401,5.7617435e-05,0.2448249725624919,-0.0002804789797664,0.2,0.6153020858764648,0.000390625,0.0292005371302366,-0.0005653129774145,9.519999999999998e-05,4000.0,1,0.0003,5e-05
3044,256.0,823296,0.0,-2.95,270,402,0.0,0.0101208447627868,-0.0002740208459727,0.2,0.8667405843734741,0.0,0.0178373269736766,-1.7686979845166208e-07,9.4688e-05,4010.0,1,0.0003,5e-05
3052,256.0,825344,0.0,-2.83,270,403,0.0,0.0661837318268226,-0.0002293177667525,0.2,0.6436285972595215,0.0,0.0751782953739166,-1.3096723705530167e-09,9.4176e-05,4020.0,1,0.0003,5e-05
3059,256.0,827392,0.0,-2.89,270,404,0.0,0.0233435992529848,-0.0002467434887876,0.2,0.92962908744812,0.0,0.00512061920017,-1.2962846085429194e-07,9.3664e-05,4030.0,1,0.0003,5e-05
3067,256.0,829440,0.0,-2.99,270,405,0.0,0.0571722415654221,-0.0002445479376547,0.2,0.8268879652023315,0.0,0.0027130257803946,6.990740075707435e-09,9.3152e-05,4040.0,1,0.0003,5e-05
3075,256.0,831488,0.0,-2.87,270,406,0.0,0.0346328452773377,-0.0002791900558804,0.2,0.3999529480934143,0.0,0.0121595188975334,-6.3300831243395805e-09,9.264e-05,4050.0,1,0.0003,5e-05
3082,256.0,833536,0.0,-2.81,270,407,0.0,0.0384540855447994,-0.0002804997799103,0.2,0.702804446220398,0.0,0.0390138253569603,0.0,9.2128e-05,4060.0,1,0.0003,5e-05
3090,256.0,835584,0.0,-2.7,270,408,0.0,0.035961285920348,-0.0002502465427824,0.2,0.9323230981826782,0.0,0.0040690791793167,-6.306509021669628e-08,9.161599999999998e-05,4070.0,1,0.0003,5e-05
3097,256.0,837632,0.0,-2.52,270,409,5.2453746e-05,0.0491596182691864,-0.0001962756321518,0.2,0.8173256516456604,0.000390625,0.0127970902249217,-0.0008204584766644,9.1104e-05,4080.0,1,0.0003,5e-05
3105,256.0,839680,0.0,-2.6,270,410,0.0,0.0187167145806597,-0.0001682193566011,0.2,0.9458267092704772,0.0,0.0071785994805395,-4.027970135211945e-09,9.0592e-05,4090.0,1,0.0003,5e-05
3113,256.0,841728,0.0,-2.56,270,411,0.0,0.2173157036595512,-0.0001603300706847,0.2,0.701003909111023,0.0,0.1171476766467094,5.587935447692871e-10,9.008e-05,4100.0,1,0.0003,5e-05
3120,256.0,843776,0.0,-2.31,270,412,0.0,0.1440428783127572,-0.0001807327204005,0.2,0.680444598197937,0.0,0.0835051462054252,-1.2223608791828156e-10,8.9568e-05,4110.0,1,0.0003,5e-05
3128,256.0,845824,0.0,-2.49,270,413,0.0,0.0245197935553733,-0.0001811358904888,0.2,0.9075090885162354,0.0,0.0038721375167369,2.9045622795820235e-09,8.905600000000001e-05,4120.0,1,0.0003,5e-05
3136,256.0,847872,0.0,-2.45,270,414,0.0,0.1836503812693991,-0.0001713881536488,0.2,0.6347430944442749,0.0,0.02350914478302,-1.0652001947164536e-09,8.8544e-05,4130.0,1,0.0003,5e-05
3143,256.0,849920,0.0,-2.63,270,415,0.0,0.0150851084268651,-0.0001798826036974,0.2,0.8740562796592712,0.0,0.0209029223769903,-3.1024683266878126e-09,8.803200000000001e-05,4140.0,1,0.0003,5e-05
3151,256.0,851968,0.0,-2.49,270,416,0.0,0.053484874847345,-0.0001806646805562,0.2,0.6232225298881531,0.0,0.0010130609152838,-2.045999281108379e-09,8.752e-05,4150.0,1,0.0003,5e-05
3159,256.0,854016,0.0,-2.59,270,417,0.0,0.0457054711892851,-0.0001764355927662,0.2,0.8273301124572754,0.0,0.0285286549478769,8.49831849336624e-10,8.700800000000002e-05,4160.0,1,0.0003,5e-05
3166,256.0,856064,0.0,-2.69,270,418,0.0,0.1544276896092924,-0.0001867130393293,0.2,0.3743385672569275,0.0,0.0449380613863468,-5.820766091346741e-10,8.649599999999999e-05,4170.0,1,0.0003,5e-05
3173,256.0,858112,0.0,-2.65,270,419,0.0,0.2270806952379644,-0.0001875636664408,0.2,0.4091850519180298,0.0,0.1436439007520675,-1.210719347000122e-09,8.598399999999998e-05,4180.0,1,0.0003,5e-05
3180,256.0,860160,0.0,-2.6,270,420,0.0,0.0092416647465142,-0.0001860757603935,0.2,0.8850992321968079,0.0,0.0002549327618908,5.2910763770341885e-09,8.5472e-05,4190.0,1,0.0003,5e-05
3187,256.0,862208,0.0,-2.7,270,421,0.0,0.0224804210083675,-0.0001751991325363,0.2,0.886683464050293,0.0,0.0004869199474342,-3.137392923235893e-09,8.495999999999999e-05,4200.0,1,0.0003,5e-05
3195,256.0,864256,0.0,-2.58,270,422,0.0,0.1522536131902598,-0.0001849844546086,0.2,0.6027820110321045,0.0,0.0075213657692074,-3.7252902984619143e-10,8.4448e-05,4210.0,1,0.0003,5e-05
3202,256.0,866304,0.0,-2.7,270,423,0.0,0.0297482926373049,-0.0001784493199011,0.2,0.6987547278404236,0.0,0.0241496860980987,3.579771146178245e-09,8.393599999999999e-05,4220.0,1,0.0003,5e-05
3209,256.0,868352,0.0,-2.52,270,424,0.0,0.1108555990853346,-0.0001651401036724,0.2,0.7976292967796326,0.0,0.019339945167303,-4.2200554162263865e-10,8.3424e-05,4230.0,1,0.0003,5e-05
3216,256.0,870400,0.0,-2.4,270,425,0.0,0.0148706155756372,-0.0001732250788336,0.2,0.9502401351928712,0.0,0.0060834600590169,-5.791662260890007e-09,8.2912e-05,4240.0,1,0.0003,5e-05
3224,256.0,872448,0.0,-2.5,270,426,0.0,0.0336996012512827,-0.0001801620917831,0.2,0.8378846645355225,0.0,0.0079251257702708,-9.025097824633122e-09,8.240000000000001e-05,4250.0,1,0.0003,5e-05
3231,256.0,874496,0.0,-2.46,270,427,0.0,0.0366676368314074,-0.0001815132698538,0.2,0.8572722673416138,0.0,0.0027809464372694,-9.933137334883212e-09,8.188799999999999e-05,4260.0,1,0.0003,5e-05
3238,256.0,876544,0.0,-2.56,270,428,0.0,0.0063739174096554,-0.0001905492865262,0.2,0.9423270225524902,0.0,0.0002352885931031,7.799826562404633e-10,8.137599999999997e-05,4270.0,1,0.0003,5e-05
3246,256.0,878592,0.0,-2.52,270,429,0.0,0.0790048459894023,-0.0001789070091035,0.2,0.5904750823974609,0.0,0.0305866226553916,4.831235855817794e-10,8.086399999999999e-05,4280.0,1,0.0003,5e-05
3253,256.0,880640,0.0,-2.26,270,430,0.0,0.0138560250867158,-0.0001836662959249,0.2,0.9247617721557616,0.0,0.0021907822228968,9.988434612751008e-09,8.035199999999998e-05,4290.0,1,0.0003,5e-05
3260,256.0,882688,0.0,-2.28,270,431,0.0,0.0408955104241613,-0.000177535376315,0.2,0.8736624121665955,0.0,0.0236468985676765,4.94765117764473e-10,7.984e-05,4300.0,1,0.0003,5e-05
3268,256.0,884736,0.0,-2.36,270,432,0.0,0.0111552241600293,-0.0001721565664411,0.2,0.9175984859466552,0.0,0.0006855303654447,-1.9837170839309693e-08,7.932799999999998e-05,4310.0,1,0.0003,5e-05
3275,256.0,886784,0.0,-2.28,270,433,0.0,0.1145004765741759,-0.0001884458404674,0.2,0.5880343317985535,0.0,0.159045860171318,9.313225746154786e-11,7.8816e-05,4320.0,1,0.0003,5e-05
3282,256.0,888832,0.0,-2.22,270,434,0.0,0.0073755184339461,-0.0001764014470609,0.2,0.8865857124328613,0.0,0.0013400590978562,8.381903171539306e-10,7.830399999999999e-05,4330.0,1,0.0003,5e-05
3290,256.0,890880,0.0,-2.06,270,435,0.0,0.0112523871976009,-0.0001749134602505,0.2,0.9295386672019958,0.0,0.0010288719786331,6.635673344135285e-10,7.7792e-05,4340.0,1,0.0003,5e-05
3297,256.0,892928,0.0,-2.04,270,436,0.0,0.017171596920707,-0.0001951298565472,0.2,0.7718842029571533,0.0,0.0046915924176573,8.736969903111457e-09,7.727999999999999e-05,4350.0,1,0.0003,5e-05
3304,256.0,894976,0.0,-2.06,270,437,0.0,0.0236890316358767,-0.000169138057754,0.2,0.768677830696106,0.0,0.0284456945955753,-7.159542292356492e-10,7.676799999999998e-05,4360.0,1,0.0003,5e-05
3311,256.0,897024,0.0,-2.18,270,438,0.0,0.0448061484159552,-0.0001925134505654,0.2,0.6232566237449646,0.0,0.0054669855162501,-1.030275598168373e-09,7.6256e-05,4370.0,1,0.0003,5e-05
3319,256.0,899072,0.0,-2.2,270,439,0.0,0.0689339598204242,-0.0001932462973854,0.2,0.6197713613510132,0.0,0.0069413254968822,-1.5133991837501526e-10,7.574399999999998e-05,4380.0,1,0.0003,5e-05
3326,256.0,901120,0.0,-2.32,270,440,0.0,0.0545451368379872,-0.0001835389870393,0.2,0.6069324016571045,0.0,0.0247908551245927,-1.4237593859434127e-08,7.5232e-05,4390.0,1,0.0003,5e-05
3333,256.0,903168,0.0,-2.28,270,441,0.0,0.0822909132897621,-0.0001799652533009,0.2,0.6755927801132202,0.0,0.0352994166314601,-2.9703369364142422e-08,7.471999999999999e-05,4400.0,1,0.0003,5e-05
3341,256.0,905216,0.0,-2.28,270,442,0.0,0.0468703761536744,-0.0001786139846444,0.2,0.6576381325721741,0.0,0.0619411319494247,-3.853347152471542e-09,7.4208e-05,4410.0,1,0.0003,5e-05
3348,256.0,907264,0.0,-2.26,270,443,0.0,0.0056347488589381,-0.0001858366142187,0.2,0.8087294101715088,0.0,0.0030442492570728,-5.8359000831842424e-08,7.3696e-05,4420.0,1,0.0003,5e-05
3355,256.0,909312,0.0,-2.24,270,444,0.0,0.0277295544394291,-0.0001977679767151,0.2,0.8056761026382446,0.0,0.0004224371223244,3.017776180058718e-08,7.318400000000001e-05,4430.0,1,0.0003,5e-05
3362,256.0,911360,0.0,-2.38,271,445,0.0,0.0928842851659283,-0.0001815621386413,0.2,0.6070739030838013,0.0,0.011299648322165,-2.037268131971359e-10,7.2672e-05,4440.0,1,0.0003,5e-05
3369,256.0,913408,0.0,-2.48,271,446,0.0,0.0630634448025375,-0.0001905843328131,0.2,0.6957716941833496,0.0,0.0427867919206619,-1.4959368854761123e-09,7.216000000000001e-05,4450.0,1,0.0003,5e-05
3377,256.0,915456,0.0,-2.62,271,447,0.0,0.036936171090565,-0.0001807368020308,0.2,0.692793607711792,0.0,0.0110118929296731,-3.7252902984619143e-10,7.1648e-05,4460.0,1,0.0003,5e-05
3384,256.0,917504,0.0,-2.58,271,448,0.0,0.0292491699990932,-0.0002055702385405,0.2,0.833844780921936,0.0,0.0205726716667413,3.7252902984619143e-10,7.113599999999999e-05,4470.0,1,0.0003,5e-05
3392,256.0,919552,0.0,-2.74,271,449,0.0,0.0681151887940359,-0.0001885603669506,0.2,0.2760122418403625,0.0,0.0568192973732948,2.8422800824046136e-08,7.062400000000001e-05,4480.0,1,0.0003,5e-05
3399,256.0,921600,0.0,-2.68,271,450,0.0,0.1267987952160183,-0.0001898528444144,0.2,0.4837517142295837,0.0,0.1448641121387481,5.585025064647198e-09,7.0112e-05,4490.0,1,0.0003,5e-05
3406,256.0,923648,0.0,-2.7,271,451,0.0,0.0122106213337247,-0.0002026225534791,0.2,0.8822671175003052,0.0,0.0102519132196903,-1.5378464013338088e-08,6.960000000000001e-05,4500.0,1,0.0003,5e-05
3414,256.0,925696,0.0,-2.6,271,452,0.0,0.1037569381354842,-0.0002084845255012,0.2,0.8096913695335388,0.0,0.0553886815905571,-5.471520125865935e-10,6.9088e-05,4510.0,1,0.0003,5e-05
3421,256.0,927744,0.0,-2.5,271,453,0.0,0.0143927703233202,-0.0002011759528613,0.2,0.8988205194473267,0.0,0.0036121553275734,5.908077582716941e-10,6.857600000000002e-05,4520.0,1,0.0003,5e-05
3428,256.0,929792,0.0,-2.56,271,454,0.0,0.0171247731304902,-0.0002015019948885,0.2,0.7978529334068298,0.0,0.0058250320143997,-1.5570549294352531e-09,6.806399999999999e-05,4530.0,1,0.0003,5e-05
3435,256.0,931840,0.0,-2.66,271,455,0.0,0.1126892784493975,-0.0002101483563819,0.2,0.6890418529510498,0.0,0.0064357025548815,-1.949956640601158e-09,6.7552e-05,4540.0,1,0.0003,5e-05
3442,256.0,933888,0.0,-2.66,271,456,0.0,0.1003912369051249,-0.0001937627643201,0.2,0.5642375946044922,0.0,0.0044466778635978,6.012851372361183e-09,6.704e-05,4550.0,1,0.0003,5e-05
3450,256.0,935936,0.0,-2.7,271,457,0.0,0.2029019541689194,-0.0002054387325188,0.2,0.407850444316864,0.0,0.086794301867485,5.1048118621110916e-08,6.652799999999998e-05,4560.0,1,0.0003,5e-05
3457,256.0,937984,0.0,-2.6,271,458,0.0,0.0438444639388762,-0.0002084007521261,0.2,0.702564001083374,0.0,0.0073150536045432,-1.4755642041563988e-08,6.6016e-05,4570.0,1,0.0003,5e-05
3464,256.0,940032,0.0,-2.5,271,459,0.0,0.0170712529634329,-0.0001801698543204,0.2,0.7640894651412964,0.0,0.0080554876476526,2.264278009533882e-09,6.550399999999999e-05,4580.0,1,0.0003,5e-05
3471,256.0,942080,0.0,-2.56,271,460,0.0,0.0091720284750408,-0.0001952486498339,0.2,0.8377224206924438,0.0,0.0054779713973402,-2.9633520171046255e-08,6.4992e-05,4590.0,1,0.0003,5e-05
3478,256.0,944128,0.0,-2.64,271,461,0.0,0.0908246711958781,-0.0002039626460828,0.2,0.517997145652771,0.0,0.0271087940782308,-1.6140984371304513e-08,6.447999999999999e-05,4600.0,1,0.0003,5e-05
3486,256.0,946176,0.0,-2.76,271,462,0.0,0.1481454666587524,-0.000206819262712,0.2,0.3282047510147095,0.0,0.0150624429807066,2.2992026060819627e-10,6.396800000000001e-05,4610.0,1,0.0003,5e-05
3493,256.0,948224,0.0,-2.7,271,463,0.0,0.1784817544627003,-0.0002018467963353,0.2,0.5112311244010925,0.0,0.0316115133464336,9.83709469437599e-10,6.3456e-05,4620.0,1,0.0003,5e-05
3500,256.0,950272,0.0,-2.7,271,464,0.0,0.0145879388906905,-0.0002176672020141,0.2,0.8746076822280884,0.0,0.014696342870593,-7.974449545145033e-10,6.294400000000001e-05,4630.0,1,0.0003,5e-05
3507,256.0,952320,0.0,-2.62,271,465,0.0,0.0875541925808647,-0.0002051724586635,0.2,0.2467283010482788,0.0,0.0714898034930229,-2.265442162752151e-08,6.2432e-05,4640.0,1,0.0003,5e-05
3515,256.0,954368,0.0,-2.7,271,466,0.0,0.0195582140819169,-0.0002061565790427,0.2,0.9490537047386168,0.0,0.0066478229127824,-2.1222513169050218e-08,6.191999999999999e-05,4650.0,1,0.0003,5e-05
3522,256.0,956416,0.0,-2.62,271,467,0.0,0.0573501408507581,-0.0002068072364636,0.2,0.8451845049858093,0.0,0.0072205108590424,-1.0700314305722713e-07,6.1408e-05,4660.0,1,0.0003,5e-05
3529,256.0,958464,0.0,-2.6,271,468,0.0,0.0176726869169215,-0.0002100824196531,0.2,0.9275047779083252,0.0,0.000313429365633,-6.112968549132347e-08,6.089599999999999e-05,4670.0,1,0.0003,5e-05
3536,256.0,960512,0.0,-2.64,271,469,0.0,0.0509344558115117,-0.0001942156017321,0.2,0.7960257530212402,0.0,0.0552466213703155,-2.414453774690628e-08,6.0384e-05,4680.0,1,0.0003,5e-05
3543,256.0,962560,0.0,-2.62,271,470,0.0,0.0802985254558734,-0.0002085173120576,0.2,0.6374926567077637,0.0,0.0044857095927,-1.1187512427568437e-08,5.987199999999999e-05,4690.0,1,0.0003,5e-05
3551,256.0,964608,0.0,-2.67,271,471,0.0,0.0122985005882583,-0.0002059457132418,0.2,0.828952968120575,0.0,0.004559775814414,-6.125192157924175e-08,5.936000000000001e-05,4700.0,1,0.0003,5e-05
3558,256.0,966656,0.0,-2.57,271,472,3.3050543e-05,0.1028432405611965,-0.0001756703755745,0.2,0.6158876419067383,0.000341796875,0.072581835091114,-0.0010018402012065,5.8848e-05,4710.0,1,0.0003,5e-05
3565,256.0,968704,0.0,-2.57,271,473,0.0,0.0108247511830995,-0.0001464084622057,0.2,0.9094228148460388,0.0,0.0004070510622113,-8.760252967476845e-09,5.833600000000001e-05,4720.0,1,0.0003,5e-05
3573,256.0,970752,0.0,-2.51,271,474,0.0,0.0162663010207325,-0.000150896854393,0.2,0.7859852910041809,0.0,0.0231827646493911,-6.053596735000611e-10,5.7824e-05,4730.0,1,0.0003,5e-05
3580,256.0,972800,0.0,-2.47,271,475,0.0,0.0187864312902092,-0.0001618992653675,0.2,0.8748677968978882,0.0,0.0088809737935662,-1.123407855629921e-09,5.7312000000000016e-05,4740.0,1,0.0003,5e-05
3587,256.0,974848,0.0,-2.47,271,476,0.0,0.0656207605497911,-0.000159146281112,0.2,0.6068716049194336,0.0,0.0256332531571388,-7.246853783726692e-10,5.68e-05,4750.0,1,0.0003,5e-05
3595,256.0,976896,0.0,-2.59,271,477,0.0,0.0339532089710701,-0.0001464572347686,0.2,0.6635699272155762,0.0,0.0010229031322523,-2.054730430245399e-09,5.628799999999999e-05,4760.0,1,0.0003,5e-05
3602,256.0,978944,0.0,-2.59,271,478,0.0,0.0360774718690663,-0.0001584831961736,0.2,0.692835807800293,0.0,0.0039564678445458,-1.5803379938006402e-09,5.5776e-05,4770.0,1,0.0003,5e-05
3610,256.0,980992,0.0,-2.67,271,479,0.0,0.0292601294568157,-0.0001528517621409,0.2,0.5776332020759583,0.0,0.0310323890298604,-4.0454324334859844e-10,5.526399999999999e-05,4780.0,1,0.0003,5e-05
3617,256.0,983040,0.0,-2.74,271,480,0.0,0.0985929044298245,-0.0001628345331482,0.2,0.5905214548110962,0.0,0.024536857381463,-1.7572892829775812e-08,5.475200000000001e-05,4790.0,1,0.0003,5e-05
3624,256.0,985088,0.0,-2.64,271,481,3.0419644e-05,0.2442652048543095,-0.0001321594233559,0.2,0.4015933871269226,0.000341796875,0.1809955835342407,-0.0009045560553204,5.424e-05,4800.0,1,0.0003,5e-05
3632,256.0,987136,0.0,-2.52,271,482,0.0,0.036797267356269,-0.0001205008914439,0.2,0.403532326221466,0.0,0.0180710647255182,7.62520357966423e-10,5.372800000000001e-05,4810.0,1,0.0003,5e-05
3639,256.0,989184,0.0,-2.65,271,483,0.0,0.0208091606335074,-0.0001223463306814,0.2,0.7587701082229614,0.0,0.0007560368394479,-1.7200363799929621e-09,5.3216e-05,4820.0,1,0.0003,5e-05
3646,256.0,991232,0.0,-2.67,271,484,0.0,0.1470445689039479,-0.0001166174804893,0.2,0.5657373666763306,0.0,0.0771254822611808,-7.799826562404633e-10,5.2704000000000016e-05,4830.0,1,0.0003,5e-05
3654,256.0,993280,0.0,-2.67,271,485,0.0,0.1216178831353318,-0.0001153693597188,0.2,0.590322732925415,0.0,0.1317333132028579,1.3969838619232175e-10,5.2192e-05,4840.0,1,0.0003,5e-05
3661,256.0,995328,0.0,-2.75,271,486,0.0,0.0119560099021327,-0.0001222539978698,0.2,0.9104840755462646,0.0,0.0013163769617676,-8.888309821486472e-09,5.1679999999999986e-05,4850.0,1,0.0003,5e-05
3668,256.0,997376,0.0,-2.77,271,487,0.0,0.1126732543518301,-0.0001148585086411,0.2,0.5153035521507263,0.0,0.015372198075056,-4.831235855817794e-10,5.1168e-05,4860.0,1,0.0003,5e-05
3676,256.0,999424,0.0,-2.63,271,488,0.0,0.0182750106490857,-0.0001230689065778,0.2,0.8183444738388062,0.0,0.000462073541712,1.7462298274040222e-10,5.065599999999999e-05,4870.0,1,0.0003,5e-05
3683,256.0,1001472,0.0,-2.63,271,489,0.0,0.0189372101092885,-0.0001191977470625,0.2,0.7164265513420105,0.0,0.0048568435013294,-5.835318006575108e-10,5.0144000000000006e-05,4880.0,1,0.0003,5e-05
